LOCATION,TIME,Value
AUS,1978-Q2,64.51743
AUS,1978-Q3,64.36272
AUS,1978-Q4,64.21304
AUS,1979-Q1,64.18033
AUS,1979-Q2,64.17467
AUS,1979-Q3,64.24846
AUS,1979-Q4,64.64888
AUS,1980-Q1,64.90046
AUS,1980-Q2,65.1198
AUS,1980-Q3,65.32882
AUS,1980-Q4,65.2066
AUS,1981-Q1,65.29118
AUS,1981-Q2,65.46525
AUS,1981-Q3,65.41008
AUS,1981-Q4,65.05112
AUS,1982-Q1,65.01968
AUS,1982-Q2,64.55569
AUS,1982-Q3,63.94346
AUS,1982-Q4,63.04081
AUS,1983-Q1,62.13141
AUS,1983-Q2,61.62423
AUS,1983-Q3,61.73423
AUS,1983-Q4,62.06753
AUS,1984-Q1,62.36116
AUS,1984-Q2,62.81827
AUS,1984-Q3,62.94272
AUS,1984-Q4,62.95208
AUS,1985-Q1,63.16693
AUS,1985-Q2,63.32549
AUS,1985-Q3,63.89678
AUS,1985-Q4,64.38287
AUS,1986-Q1,64.76785
AUS,1986-Q2,65.33916
AUS,1986-Q3,65.10748
AUS,1986-Q4,65.11
AUS,1987-Q1,65.03994
AUS,1987-Q2,65.20239
AUS,1987-Q3,65.39418
AUS,1987-Q4,65.34438
AUS,1988-Q1,66.03426
AUS,1988-Q2,66.23841
AUS,1988-Q3,66.51678
AUS,1988-Q4,66.87225
AUS,1989-Q1,67.51358
AUS,1989-Q2,68.06889
AUS,1989-Q3,68.46991
AUS,1989-Q4,68.68247
AUS,1990-Q1,68.68749
AUS,1990-Q2,68.69854
AUS,1990-Q3,68.37523
AUS,1990-Q4,67.66335
AUS,1991-Q1,66.73814
AUS,1991-Q2,66.13335
AUS,1991-Q3,65.51746
AUS,1991-Q4,65.17075
AUS,1992-Q1,65.15183
AUS,1992-Q2,64.91177
AUS,1992-Q3,64.9931
AUS,1992-Q4,64.54497
AUS,1993-Q1,64.58073
AUS,1993-Q2,64.4087
AUS,1993-Q3,64.50813
AUS,1993-Q4,65.04655
AUS,1994-Q1,65.3183
AUS,1994-Q2,65.64531
AUS,1994-Q3,66.37617
AUS,1994-Q4,66.61079
AUS,1995-Q1,67.09085
AUS,1995-Q2,67.6199
AUS,1995-Q3,67.81093
AUS,1995-Q4,67.92947
AUS,1996-Q1,67.89281
AUS,1996-Q2,67.76694
AUS,1996-Q3,67.56136
AUS,1996-Q4,67.44813
AUS,1997-Q1,67.43944
AUS,1997-Q2,67.24601
AUS,1997-Q3,67.18062
AUS,1997-Q4,67.48602
AUS,1998-Q1,67.52511
AUS,1998-Q2,67.72703
AUS,1998-Q3,67.87538
AUS,1998-Q4,68.03883
AUS,1999-Q1,67.99296
AUS,1999-Q2,68.06274
AUS,1999-Q3,68.26158
AUS,1999-Q4,68.55605
AUS,2000-Q1,68.51765
AUS,2000-Q2,69.11333
AUS,2000-Q3,69.65781
AUS,2000-Q4,69.05225
AUS,2001-Q1,68.90581
AUS,2001-Q2,69.13624
AUS,2001-Q3,69.03419
AUS,2001-Q4,68.97279
AUS,2002-Q1,69.04032
AUS,2002-Q2,69.08318
AUS,2002-Q3,69.42069
AUS,2002-Q4,69.77398
AUS,2003-Q1,70.15446
AUS,2003-Q2,69.85229
AUS,2003-Q3,69.85624
AUS,2003-Q4,70.07003
AUS,2004-Q1,69.98952
AUS,2004-Q2,70.17767
AUS,2004-Q3,70.18633
AUS,2004-Q4,70.79104
AUS,2005-Q1,71.17272
AUS,2005-Q2,71.57604
AUS,2005-Q3,71.71698
AUS,2005-Q4,71.61048
AUS,2006-Q1,71.63658
AUS,2006-Q2,71.96867
AUS,2006-Q3,72.41856
AUS,2006-Q4,72.43249
AUS,2007-Q1,72.48205
AUS,2007-Q2,72.76994
AUS,2007-Q3,72.88502
AUS,2007-Q4,73.0576
AUS,2008-Q1,73.23566
AUS,2008-Q2,73.30044
AUS,2008-Q3,73.18707
AUS,2008-Q4,73.00632
AUS,2009-Q1,72.46387
AUS,2009-Q2,72.0421
AUS,2009-Q3,71.73893
AUS,2009-Q4,71.9246
AUS,2010-Q1,72.10733
AUS,2010-Q2,72.06374
AUS,2010-Q3,72.45757
AUS,2010-Q4,72.83598
AUS,2011-Q1,72.89466
AUS,2011-Q2,72.65315
AUS,2011-Q3,72.62977
AUS,2011-Q4,72.44875
AUS,2012-Q1,72.45185
AUS,2012-Q2,72.39437
AUS,2012-Q3,72.29629
AUS,2012-Q4,72.23728
AUS,2013-Q1,72.32046
AUS,2013-Q2,72.07974
AUS,2013-Q3,71.87124
AUS,2013-Q4,71.63683
AUS,2014-Q1,71.57824
AUS,2014-Q2,71.5256
AUS,2014-Q3,71.51785
AUS,2014-Q4,71.4695
AUS,2015-Q1,71.83756
AUS,2015-Q2,72.02323
AUS,2015-Q3,72.11731
AUS,2015-Q4,72.50954
AUS,2016-Q1,72.54677
AUS,2016-Q2,72.42009
AUS,2016-Q3,72.34532
AUS,2016-Q4,72.28546
AUS,2017-Q1,72.42043
AUS,2017-Q2,72.79383
AUS,2017-Q3,73.17873
AUS,2017-Q4,73.46568
AUS,2018-Q1,73.65137
AUS,2018-Q2,73.59385
AUS,2018-Q3,73.76476
AUS,2018-Q4,73.95529
AUS,2019-Q1,74.07211
AUS,2019-Q2,74.17899
AUS,2019-Q3,74.45372
AUS,2019-Q4,74.39613
AUS,2020-Q1,74.51031
AUS,2020-Q2,70.48452
AUS,2020-Q3,72.06718
AUS,2020-Q4,73.53712
AUS,2021-Q1,74.34871
AUS,2021-Q2,75.13473
AUS,2021-Q3,74.81687
AUS,2021-Q4,75.30873
AUS,2022-Q1,76.72079
AUS,2022-Q2,77.1483
AUS,2022-Q3,77.53556
AUS,2022-Q4,77.54419
AUS,2023-Q1,77.50408
AUS,2023-Q2,77.54178
AUS,2023-Q3,77.57664
AUS,2023-Q4,77.48803
AUT,1999-Q1,68.6656
AUT,1999-Q2,68.58568
AUT,1999-Q3,68.56554
AUT,1999-Q4,68.35089
AUT,2000-Q1,68.46355
AUT,2000-Q2,68.51994
AUT,2000-Q3,68.42101
AUT,2000-Q4,68.4961
AUT,2001-Q1,68.31284
AUT,2001-Q2,68.44992
AUT,2001-Q3,68.33821
AUT,2001-Q4,68.45759
AUT,2002-Q1,68.70898
AUT,2002-Q2,68.72655
AUT,2002-Q3,68.64375
AUT,2002-Q4,68.86227
AUT,2003-Q1,69.0119
AUT,2003-Q2,69.04374
AUT,2003-Q3,68.86893
AUT,2003-Q4,68.81342
AUT,2004-Q1,66.34579
AUT,2004-Q2,66.40423
AUT,2004-Q3,66.54659
AUT,2004-Q4,66.71136
AUT,2005-Q1,67.06626
AUT,2005-Q2,67.2053
AUT,2005-Q3,67.59825
AUT,2005-Q4,67.69161
AUT,2006-Q1,67.91628
AUT,2006-Q2,68.42107
AUT,2006-Q3,68.88259
AUT,2006-Q4,69.00742
AUT,2007-Q1,69.51543
AUT,2007-Q2,69.64874
AUT,2007-Q3,70.18504
AUT,2007-Q4,70.16466
AUT,2008-Q1,70.80128
AUT,2008-Q2,70.9827
AUT,2008-Q3,70.60652
AUT,2008-Q4,70.79346
AUT,2009-Q1,70.54019
AUT,2009-Q2,70.44682
AUT,2009-Q3,70.15223
AUT,2009-Q4,70.21675
AUT,2010-Q1,70.50582
AUT,2010-Q2,70.68829
AUT,2010-Q3,70.80813
AUT,2010-Q4,71.10481
AUT,2011-Q1,70.90056
AUT,2011-Q2,71.19356
AUT,2011-Q3,71.32348
AUT,2011-Q4,70.95508
AUT,2012-Q1,71.17897
AUT,2012-Q2,71.63575
AUT,2012-Q3,71.42011
AUT,2012-Q4,71.38334
AUT,2013-Q1,71.22603
AUT,2013-Q2,71.81158
AUT,2013-Q3,71.49039
AUT,2013-Q4,71.12621
AUT,2014-Q1,70.95162
AUT,2014-Q2,71.44127
AUT,2014-Q3,70.93636
AUT,2014-Q4,71.00163
AUT,2015-Q1,71.02
AUT,2015-Q2,71.04675
AUT,2015-Q3,71.1426
AUT,2015-Q4,71.22282
AUT,2016-Q1,71.22485
AUT,2016-Q2,71.56423
AUT,2016-Q3,71.65971
AUT,2016-Q4,71.7196
AUT,2017-Q1,71.74152
AUT,2017-Q2,72.36482
AUT,2017-Q3,72.00779
AUT,2017-Q4,72.53873
AUT,2018-Q1,72.68726
AUT,2018-Q2,73.24418
AUT,2018-Q3,72.99866
AUT,2018-Q4,73.12319
AUT,2019-Q1,73.42706
AUT,2019-Q2,73.70115
AUT,2019-Q3,73.38827
AUT,2019-Q4,73.68681
AUT,2020-Q1,73.19157
AUT,2020-Q2,70.18797
AUT,2020-Q3,71.83249
AUT,2020-Q4,71.6962
AUT,2021-Q1,71.2886
AUT,2021-Q2,71.85029
AUT,2021-Q3,73.05605
AUT,2021-Q4,73.40714
AUT,2022-Q1,73.94732
AUT,2022-Q2,74.37057
AUT,2022-Q3,73.80535
AUT,2022-Q4,73.94009
AUT,2023-Q1,73.9324
AUT,2023-Q2,74.39333
AUT,2023-Q3,74.00173
BEL,1999-Q1,59.19458
BEL,1999-Q2,59.02541
BEL,1999-Q3,59.5428
BEL,1999-Q4,59.48914
BEL,2000-Q1,60.0768
BEL,2000-Q2,60.99867
BEL,2000-Q3,60.83659
BEL,2000-Q4,60.2291
BEL,2001-Q1,60.34664
BEL,2001-Q2,59.82
BEL,2001-Q3,60.11423
BEL,2001-Q4,59.48209
BEL,2002-Q1,59.79707
BEL,2002-Q2,59.79333
BEL,2002-Q3,60.0922
BEL,2002-Q4,59.86895
BEL,2003-Q1,59.31549
BEL,2003-Q2,59.45819
BEL,2003-Q3,59.36152
BEL,2003-Q4,60.22667
BEL,2004-Q1,60.07957
BEL,2004-Q2,60.58495
BEL,2004-Q3,60.1418
BEL,2004-Q4,60.51474
BEL,2005-Q1,61.20214
BEL,2005-Q2,61.13789
BEL,2005-Q3,61.00241
BEL,2005-Q4,60.95309
BEL,2006-Q1,60.52936
BEL,2006-Q2,60.60076
BEL,2006-Q3,61.02234
BEL,2006-Q4,61.78792
BEL,2007-Q1,61.82721
BEL,2007-Q2,61.79429
BEL,2007-Q3,62.02352
BEL,2007-Q4,62.53598
BEL,2008-Q1,62.72627
BEL,2008-Q2,62.27111
BEL,2008-Q3,62.43763
BEL,2008-Q4,62.16187
BEL,2009-Q1,61.949
BEL,2009-Q2,61.57333
BEL,2009-Q3,61.25415
BEL,2009-Q4,61.63654
BEL,2010-Q1,62.04484
BEL,2010-Q2,61.5518
BEL,2010-Q3,61.87361
BEL,2010-Q4,62.57641
BEL,2011-Q1,61.40978
BEL,2011-Q2,62.56848
BEL,2011-Q3,61.58483
BEL,2011-Q4,62.12192
BEL,2012-Q1,61.69981
BEL,2012-Q2,61.90287
BEL,2012-Q3,61.97184
BEL,2012-Q4,61.81712
BEL,2013-Q1,61.49021
BEL,2013-Q2,62.13192
BEL,2013-Q3,62.13721
BEL,2013-Q4,61.43413
BEL,2014-Q1,61.739
BEL,2014-Q2,62.06218
BEL,2014-Q3,61.79309
BEL,2014-Q4,62.01319
BEL,2015-Q1,62.16885
BEL,2015-Q2,61.52514
BEL,2015-Q3,61.8648
BEL,2015-Q4,61.62716
BEL,2016-Q1,61.79762
BEL,2016-Q2,62.1058
BEL,2016-Q3,61.98928
BEL,2016-Q4,63.27384
BEL,2017-Q1,62.36668
BEL,2017-Q2,62.98924
BEL,2017-Q3,63.24066
BEL,2017-Q4,63.95799
BEL,2018-Q1,64.07854
BEL,2018-Q2,63.91864
BEL,2018-Q3,64.8658
BEL,2018-Q4,65.02114
BEL,2019-Q1,64.67866
BEL,2019-Q2,65.73316
BEL,2019-Q3,65.64676
BEL,2019-Q4,65.10461
BEL,2020-Q1,65.1974
BEL,2020-Q2,64.00735
BEL,2020-Q3,64.52042
BEL,2020-Q4,64.01309
BEL,2021-Q1,63.66804
BEL,2021-Q2,65.10034
BEL,2021-Q3,66.27995
BEL,2021-Q4,66.06429
BEL,2022-Q1,66.5088
BEL,2022-Q2,66.15659
BEL,2022-Q3,66.80977
BEL,2022-Q4,66.66731
BEL,2023-Q1,66.78339
BEL,2023-Q2,66.15488
BEL,2023-Q3,66.69971
CAN,1976-Q1,63.1
CAN,1976-Q2,63.2
CAN,1976-Q3,63.03333
CAN,1976-Q4,63.1
CAN,1977-Q1,63.1
CAN,1977-Q2,63.03333
CAN,1977-Q3,62.8
CAN,1977-Q4,62.93333
CAN,1978-Q1,63.16667
CAN,1978-Q2,63.46667
CAN,1978-Q3,63.96667
CAN,1978-Q4,64.4
CAN,1979-Q1,64.8
CAN,1979-Q2,65.13333
CAN,1979-Q3,65.7
CAN,1979-Q4,65.96667
CAN,1980-Q1,66
CAN,1980-Q2,65.86667
CAN,1980-Q3,66
CAN,1980-Q4,66.46667
CAN,1981-Q1,67.03333
CAN,1981-Q2,67.36667
CAN,1981-Q3,67.16666
CAN,1981-Q4,66.46667
CAN,1982-Q1,65.63333
CAN,1982-Q2,64.4
CAN,1982-Q3,63.16667
CAN,1982-Q4,62.73333
CAN,1983-Q1,62.83333
CAN,1983-Q2,63.4
CAN,1983-Q3,64.16666
CAN,1983-Q4,64.33334
CAN,1984-Q1,64.23333
CAN,1984-Q2,64.36667
CAN,1984-Q3,64.8
CAN,1984-Q4,64.96667
CAN,1985-Q1,65.4
CAN,1985-Q2,65.8
CAN,1985-Q3,66.16666
CAN,1985-Q4,66.6
CAN,1986-Q1,67.1
CAN,1986-Q2,67.46667
CAN,1986-Q3,67.4
CAN,1986-Q4,67.56667
CAN,1987-Q1,67.8
CAN,1987-Q2,68.4
CAN,1987-Q3,68.73333
CAN,1987-Q4,69.43333
CAN,1988-Q1,69.83334
CAN,1988-Q2,69.96667
CAN,1988-Q3,69.96667
CAN,1988-Q4,70.23333
CAN,1989-Q1,70.76667
CAN,1989-Q2,70.66666
CAN,1989-Q3,70.8
CAN,1989-Q4,70.8
CAN,1990-Q1,70.8
CAN,1990-Q2,70.63333
CAN,1990-Q3,70.36667
CAN,1990-Q4,69.53333
CAN,1991-Q1,68.5
CAN,1991-Q2,68.4
CAN,1991-Q3,68.2
CAN,1991-Q4,67.86667
CAN,1992-Q1,67.23333
CAN,1992-Q2,66.86667
CAN,1992-Q3,66.53333
CAN,1992-Q4,66.53333
CAN,1993-Q1,66.63333
CAN,1993-Q2,66.36667
CAN,1993-Q3,66.43333
CAN,1993-Q4,66.5
CAN,1994-Q1,66.43333
CAN,1994-Q2,66.83334
CAN,1994-Q3,67.33334
CAN,1994-Q4,67.66666
CAN,1995-Q1,67.66666
CAN,1995-Q2,67.5
CAN,1995-Q3,67.43333
CAN,1995-Q4,67.5
CAN,1996-Q1,67.4
CAN,1996-Q2,67.4
CAN,1996-Q3,67.33334
CAN,1996-Q4,67.2
CAN,1997-Q1,67.53333
CAN,1997-Q2,67.7
CAN,1997-Q3,68.2
CAN,1997-Q4,68.43333
CAN,1998-Q1,68.53333
CAN,1998-Q2,68.73333
CAN,1998-Q3,69.06667
CAN,1998-Q4,69.36667
CAN,1999-Q1,69.63333
CAN,1999-Q2,69.86667
CAN,1999-Q3,70.13333
CAN,1999-Q4,70.5
CAN,2000-Q1,70.86667
CAN,2000-Q2,70.9
CAN,2000-Q3,70.83334
CAN,2000-Q4,71.13333
CAN,2001-Q1,71.03333
CAN,2001-Q2,70.93333
CAN,2001-Q3,70.73333
CAN,2001-Q4,70.6
CAN,2002-Q1,70.7
CAN,2002-Q2,71.2
CAN,2002-Q3,71.7
CAN,2002-Q4,71.86667
CAN,2003-Q1,72.2
CAN,2003-Q2,71.96667
CAN,2003-Q3,72.1
CAN,2003-Q4,72.36667
CAN,2004-Q1,72.4
CAN,2004-Q2,72.56667
CAN,2004-Q3,72.46667
CAN,2004-Q4,72.5
CAN,2005-Q1,72.5
CAN,2005-Q2,72.33334
CAN,2005-Q3,72.43333
CAN,2005-Q4,72.53333
CAN,2006-Q1,72.66666
CAN,2006-Q2,73
CAN,2006-Q3,72.9
CAN,2006-Q4,72.93333
CAN,2007-Q1,73.33334
CAN,2007-Q2,73.33334
CAN,2007-Q3,73.56667
CAN,2007-Q4,73.66666
CAN,2008-Q1,73.73333
CAN,2008-Q2,73.56667
CAN,2008-Q3,73.33334
CAN,2008-Q4,73.2
CAN,2009-Q1,72.13333
CAN,2009-Q2,71.46667
CAN,2009-Q3,71.13333
CAN,2009-Q4,71.26667
CAN,2010-Q1,71.36667
CAN,2010-Q2,71.6
CAN,2010-Q3,71.63333
CAN,2010-Q4,71.7
CAN,2011-Q1,72.03333
CAN,2011-Q2,71.93333
CAN,2011-Q3,72.06667
CAN,2011-Q4,71.9
CAN,2012-Q1,71.96667
CAN,2012-Q2,72.3
CAN,2012-Q3,72.4
CAN,2012-Q4,72.73333
CAN,2013-Q1,72.83334
CAN,2013-Q2,72.8
CAN,2013-Q3,72.63333
CAN,2013-Q4,72.53333
CAN,2014-Q1,72.4
CAN,2014-Q2,72.33334
CAN,2014-Q3,72.43333
CAN,2014-Q4,72.7
CAN,2015-Q1,72.8
CAN,2015-Q2,72.73333
CAN,2015-Q3,72.8
CAN,2015-Q4,72.63333
CAN,2016-Q1,72.6
CAN,2016-Q2,72.66666
CAN,2016-Q3,72.63333
CAN,2016-Q4,72.9
CAN,2017-Q1,73.36667
CAN,2017-Q2,73.46667
CAN,2017-Q3,73.6
CAN,2017-Q4,73.9
CAN,2018-Q1,73.86667
CAN,2018-Q2,73.83334
CAN,2018-Q3,74.16666
CAN,2018-Q4,74.4
CAN,2019-Q1,74.4
CAN,2019-Q2,74.76667
CAN,2019-Q3,74.7
CAN,2019-Q4,74.56667
CAN,2020-Q1,73.1
CAN,2020-Q2,64.56667
CAN,2020-Q3,70.5
CAN,2020-Q4,72.26667
CAN,2021-Q1,72.2
CAN,2021-Q2,72.66666
CAN,2021-Q3,74.03333
CAN,2021-Q4,75.13333
CAN,2022-Q1,75.3
CAN,2022-Q2,75.83334
CAN,2022-Q3,75.53333
CAN,2022-Q4,75.8
CAN,2023-Q1,76.23333
CAN,2023-Q2,76.03333
CAN,2023-Q3,75.63333
CAN,2023-Q4,75.43333
CZE,1998-Q1,67.95014
CZE,1998-Q2,67.5261
CZE,1998-Q3,67.04948
CZE,1998-Q4,66.70611
CZE,1999-Q1,66.12798
CZE,1999-Q2,65.68301
CZE,1999-Q3,65.42816
CZE,1999-Q4,65.28506
CZE,2000-Q1,65.03928
CZE,2000-Q2,64.9222
CZE,2000-Q3,65.05498
CZE,2000-Q4,64.94864
CZE,2001-Q1,65.2596
CZE,2001-Q2,64.99141
CZE,2001-Q3,64.91683
CZE,2001-Q4,64.93478
CZE,2002-Q1,65.16294
CZE,2002-Q2,65.4805
CZE,2002-Q3,65.53316
CZE,2002-Q4,65.51144
CZE,2003-Q1,65.28738
CZE,2003-Q2,64.88704
CZE,2003-Q3,64.44174
CZE,2003-Q4,64.20135
CZE,2004-Q1,64.05292
CZE,2004-Q2,64.09998
CZE,2004-Q3,64.18537
CZE,2004-Q4,64.26543
CZE,2005-Q1,64.46118
CZE,2005-Q2,64.66875
CZE,2005-Q3,64.99458
CZE,2005-Q4,65.03207
CZE,2006-Q1,65.10559
CZE,2006-Q2,65.24158
CZE,2006-Q3,65.2645
CZE,2006-Q4,65.47226
CZE,2007-Q1,65.84854
CZE,2007-Q2,66.01561
CZE,2007-Q3,66.19106
CZE,2007-Q4,66.32885
CZE,2008-Q1,66.48099
CZE,2008-Q2,66.67662
CZE,2008-Q3,66.57475
CZE,2008-Q4,66.56721
CZE,2009-Q1,66.05296
CZE,2009-Q2,65.42574
CZE,2009-Q3,64.9987
CZE,2009-Q4,64.97717
CZE,2010-Q1,64.67696
CZE,2010-Q2,64.91569
CZE,2010-Q3,65.1563
CZE,2010-Q4,65.24994
CZE,2011-Q1,65.50985
CZE,2011-Q2,65.72121
CZE,2011-Q3,65.84341
CZE,2011-Q4,65.89797
CZE,2012-Q1,66.05992
CZE,2012-Q2,66.43462
CZE,2012-Q3,66.79144
CZE,2012-Q4,66.87675
CZE,2013-Q1,67.24799
CZE,2013-Q2,67.79092
CZE,2013-Q3,67.8045
CZE,2013-Q4,68.10565
CZE,2014-Q1,68.4603
CZE,2014-Q2,68.68064
CZE,2014-Q3,69.13268
CZE,2014-Q4,69.58207
CZE,2015-Q1,69.74167
CZE,2015-Q2,70.18398
CZE,2015-Q3,70.34544
CZE,2015-Q4,70.64056
CZE,2016-Q1,71.3221
CZE,2016-Q2,71.7802
CZE,2016-Q3,72.07168
CZE,2016-Q4,72.74847
CZE,2017-Q1,73.07613
CZE,2017-Q2,73.38519
CZE,2017-Q3,73.98119
CZE,2017-Q4,74.14304
CZE,2018-Q1,74.43056
CZE,2018-Q2,74.8139
CZE,2018-Q3,74.86073
CZE,2018-Q4,75.17486
CZE,2019-Q1,75.2313
CZE,2019-Q2,75.15574
CZE,2019-Q3,75.08897
CZE,2019-Q4,75.06789
CZE,2020-Q1,75.0266
CZE,2020-Q2,74.27032
CZE,2020-Q3,74.17021
CZE,2020-Q4,74.0791
CZE,2021-Q1,73.95826
CZE,2021-Q2,73.898
CZE,2021-Q3,74.70474
CZE,2021-Q4,75.02931
CZE,2022-Q1,75.4534
CZE,2022-Q2,75.47067
CZE,2022-Q3,75.58334
CZE,2022-Q4,75.40169
CZE,2023-Q1,75.01444
CZE,2023-Q2,75.36344
CZE,2023-Q3,75.06827
DNK,1999-Q1,76.23036
DNK,1999-Q2,76.2831
DNK,1999-Q3,76.19152
DNK,1999-Q4,75.45797
DNK,2000-Q1,76.23196
DNK,2000-Q2,76.29978
DNK,2000-Q3,75.99363
DNK,2000-Q4,76.50726
DNK,2001-Q1,75.85252
DNK,2001-Q2,75.77052
DNK,2001-Q3,76.39447
DNK,2001-Q4,76.64211
DNK,2002-Q1,76.12943
DNK,2002-Q2,76.34785
DNK,2002-Q3,75.55202
DNK,2002-Q4,75.47443
DNK,2003-Q1,75.1536
DNK,2003-Q2,75.02673
DNK,2003-Q3,75.46121
DNK,2003-Q4,74.90863
DNK,2004-Q1,75.19052
DNK,2004-Q2,75.91872
DNK,2004-Q3,76.11991
DNK,2004-Q4,75.46352
DNK,2005-Q1,75.82848
DNK,2005-Q2,75.44421
DNK,2005-Q3,75.64292
DNK,2005-Q4,76.66906
DNK,2006-Q1,77.09027
DNK,2006-Q2,76.85973
DNK,2006-Q3,77.72849
DNK,2006-Q4,77.80993
DNK,2007-Q1,77.51102
DNK,2007-Q2,77.13626
DNK,2007-Q3,76.56695
DNK,2007-Q4,76.84611
DNK,2008-Q1,76.21871
DNK,2008-Q2,76.64254
DNK,2008-Q3,76.41454
DNK,2008-Q4,76.07382
DNK,2009-Q1,74.4118
DNK,2009-Q2,73.67306
DNK,2009-Q3,73.39021
DNK,2009-Q4,72.62062
DNK,2010-Q1,71.63339
DNK,2010-Q2,71.92968
DNK,2010-Q3,71.7337
DNK,2010-Q4,71.98006
DNK,2011-Q1,71.62077
DNK,2011-Q2,71.84301
DNK,2011-Q3,71.58007
DNK,2011-Q4,71.44346
DNK,2012-Q1,70.99868
DNK,2012-Q2,71.0647
DNK,2012-Q3,70.74899
DNK,2012-Q4,71.34619
DNK,2013-Q1,70.95852
DNK,2013-Q2,70.78515
DNK,2013-Q3,70.50688
DNK,2013-Q4,70.73112
DNK,2014-Q1,70.46353
DNK,2014-Q2,71.07141
DNK,2014-Q3,71.12737
DNK,2014-Q4,71.78785
DNK,2015-Q1,71.70566
DNK,2015-Q2,72.08853
DNK,2015-Q3,71.85099
DNK,2015-Q4,72.27457
DNK,2016-Q1,72.1764
DNK,2016-Q2,72.86846
DNK,2016-Q3,72.70589
DNK,2016-Q4,73.04012
DNK,2017-Q1,72.82215
DNK,2017-Q2,73.21698
DNK,2017-Q3,73.16392
DNK,2017-Q4,73.75166
DNK,2018-Q1,73.58434
DNK,2018-Q2,74.26517
DNK,2018-Q3,74.21454
DNK,2018-Q4,74.45367
DNK,2019-Q1,74.59215
DNK,2019-Q2,75.20268
DNK,2019-Q3,75.04631
DNK,2019-Q4,75.24643
DNK,2020-Q1,75.02492
DNK,2020-Q2,74.20051
DNK,2020-Q3,73.95406
DNK,2020-Q4,74.43503
DNK,2021-Q1,74.0706
DNK,2021-Q2,75.73251
DNK,2021-Q3,75.66264
DNK,2021-Q4,76.68199
DNK,2022-Q1,76.45374
DNK,2022-Q2,77.08638
DNK,2022-Q3,76.83767
DNK,2022-Q4,76.74053
DNK,2023-Q1,76.93293
DNK,2023-Q2,76.61208
DNK,2023-Q3,76.19199
FIN,1998-Q1,63.9455
FIN,1998-Q2,62.68186
FIN,1998-Q3,64.54234
FIN,1998-Q4,64.99767
FIN,1999-Q1,65.7142
FIN,1999-Q2,66.69583
FIN,1999-Q3,66.33366
FIN,1999-Q4,66.36963
FIN,2000-Q1,66.33025
FIN,2000-Q2,67.33133
FIN,2000-Q3,67.55749
FIN,2000-Q4,67.44533
FIN,2001-Q1,67.70278
FIN,2001-Q2,68.26997
FIN,2001-Q3,68.08272
FIN,2001-Q4,68.41661
FIN,2002-Q1,68.05514
FIN,2002-Q2,68.19141
FIN,2002-Q3,68.07354
FIN,2002-Q4,67.99019
FIN,2003-Q1,67.98313
FIN,2003-Q2,67.79989
FIN,2003-Q3,67.66368
FIN,2003-Q4,67.35493
FIN,2004-Q1,67.43607
FIN,2004-Q2,67.36318
FIN,2004-Q3,67.86112
FIN,2004-Q4,67.89174
FIN,2005-Q1,68.25805
FIN,2005-Q2,68.22749
FIN,2005-Q3,68.31146
FIN,2005-Q4,68.82931
FIN,2006-Q1,69.15997
FIN,2006-Q2,68.88496
FIN,2006-Q3,69.57561
FIN,2006-Q4,69.77567
FIN,2007-Q1,69.80574
FIN,2007-Q2,70.18783
FIN,2007-Q3,70.54503
FIN,2007-Q4,70.70103
FIN,2008-Q1,70.9635
FIN,2008-Q2,71.20217
FIN,2008-Q3,71.05173
FIN,2008-Q4,71.06205
FIN,2009-Q1,69.0506
FIN,2009-Q2,67.77859
FIN,2009-Q3,67.58961
FIN,2009-Q4,67.0666
FIN,2010-Q1,67.02396
FIN,2010-Q2,67.09886
FIN,2010-Q3,67.1816
FIN,2010-Q4,67.26232
FIN,2011-Q1,67.45528
FIN,2011-Q2,68.05857
FIN,2011-Q3,68.31433
FIN,2011-Q4,68.32737
FIN,2012-Q1,68.27738
FIN,2012-Q2,68.39952
FIN,2012-Q3,68.72799
FIN,2012-Q4,68.3884
FIN,2013-Q1,68.03995
FIN,2013-Q2,68.2943
FIN,2013-Q3,68.12989
FIN,2013-Q4,67.87212
FIN,2014-Q1,67.90856
FIN,2014-Q2,68.05249
FIN,2014-Q3,68.16473
FIN,2014-Q4,67.67416
FIN,2015-Q1,67.65661
FIN,2015-Q2,67.29852
FIN,2015-Q3,67.76644
FIN,2015-Q4,67.49019
FIN,2016-Q1,68.06186
FIN,2016-Q2,68.15585
FIN,2016-Q3,68.38305
FIN,2016-Q4,68.22041
FIN,2017-Q1,68.43842
FIN,2017-Q2,68.74713
FIN,2017-Q3,69.09043
FIN,2017-Q4,70.04289
FIN,2018-Q1,70.42226
FIN,2018-Q2,71.11539
FIN,2018-Q3,71.40293
FIN,2018-Q4,71.5828
FIN,2019-Q1,71.81647
FIN,2019-Q2,71.75589
FIN,2019-Q3,72.13042
FIN,2019-Q4,72.29065
FIN,2020-Q1,72.17615
FIN,2020-Q2,70.01962
FIN,2020-Q3,71.05875
FIN,2020-Q4,71.3594
FIN,2021-Q1,71.65009
FIN,2021-Q2,72.71673
FIN,2021-Q3,72.79081
FIN,2021-Q4,73.47865
FIN,2022-Q1,73.91965
FIN,2022-Q2,74.55035
FIN,2022-Q3,74.08648
FIN,2022-Q4,74.6375
FIN,2023-Q1,74.29175
FIN,2023-Q2,74.70085
FIN,2023-Q3,73.85651
FRA,2003-Q1,66.11376
FRA,2003-Q2,65.82122
FRA,2003-Q3,65.87113
FRA,2003-Q4,65.68842
FRA,2004-Q1,65.64312
FRA,2004-Q2,65.6799
FRA,2004-Q3,65.73042
FRA,2004-Q4,65.66588
FRA,2005-Q1,65.78159
FRA,2005-Q2,65.73136
FRA,2005-Q3,65.5546
FRA,2005-Q4,65.43313
FRA,2006-Q1,65.41635
FRA,2006-Q2,65.43161
FRA,2006-Q3,65.71057
FRA,2006-Q4,65.8708
FRA,2007-Q1,65.89423
FRA,2007-Q2,66.12291
FRA,2007-Q3,66.34364
FRA,2007-Q4,66.6357
FRA,2008-Q1,66.8596
FRA,2008-Q2,66.84519
FRA,2008-Q3,66.80508
FRA,2008-Q4,66.83272
FRA,2009-Q1,64.78915
FRA,2009-Q2,64.55138
FRA,2009-Q3,64.26403
FRA,2009-Q4,64.20158
FRA,2010-Q1,64.37534
FRA,2010-Q2,64.34065
FRA,2010-Q3,64.42383
FRA,2010-Q4,64.33525
FRA,2011-Q1,64.26144
FRA,2011-Q2,64.31882
FRA,2011-Q3,64.23411
FRA,2011-Q4,64.26046
FRA,2012-Q1,64.25468
FRA,2012-Q2,64.36874
FRA,2012-Q3,64.41308
FRA,2012-Q4,64.48741
FRA,2013-Q1,64.24387
FRA,2013-Q2,64.36063
FRA,2013-Q3,64.53732
FRA,2013-Q4,64.47673
FRA,2014-Q1,64.57948
FRA,2014-Q2,64.57512
FRA,2014-Q3,64.45432
FRA,2014-Q4,64.50371
FRA,2015-Q1,64.56291
FRA,2015-Q2,64.5953
FRA,2015-Q3,64.82085
FRA,2015-Q4,64.76281
FRA,2016-Q1,64.92805
FRA,2016-Q2,64.97623
FRA,2016-Q3,65.11729
FRA,2016-Q4,64.99252
FRA,2017-Q1,65.0183
FRA,2017-Q2,65.63335
FRA,2017-Q3,65.6075
FRA,2017-Q4,65.97822
FRA,2018-Q1,65.87167
FRA,2018-Q2,66.08677
FRA,2018-Q3,66.32999
FRA,2018-Q4,66.28575
FRA,2019-Q1,66.22156
FRA,2019-Q2,66.53558
FRA,2019-Q3,66.27044
FRA,2019-Q4,66.52981
FRA,2020-Q1,66.69582
FRA,2020-Q2,65.63537
FRA,2020-Q3,65.89523
FRA,2020-Q4,66.23392
FRA,2021-Q1,66.52338
FRA,2021-Q2,67.13077
FRA,2021-Q3,67.58894
FRA,2021-Q4,67.73802
FRA,2022-Q1,67.89399
FRA,2022-Q2,68.03751
FRA,2022-Q3,68.3603
FRA,2022-Q4,68.2786
FRA,2023-Q1,68.45934
FRA,2023-Q2,68.46972
FRA,2023-Q3,68.4092
DEU,2005-Q1,65.19444
DEU,2005-Q2,65.19944
DEU,2005-Q3,65.5234
DEU,2005-Q4,65.89368
DEU,2006-Q1,66.40794
DEU,2006-Q2,66.9909
DEU,2006-Q3,67.47513
DEU,2006-Q4,67.7817
DEU,2007-Q1,68.48769
DEU,2007-Q2,68.81258
DEU,2007-Q3,69.18359
DEU,2007-Q4,69.36181
DEU,2008-Q1,69.81321
DEU,2008-Q2,69.80685
DEU,2008-Q3,70.35694
DEU,2008-Q4,70.43853
DEU,2009-Q1,68.92602
DEU,2009-Q2,69.08018
DEU,2009-Q3,69.37293
DEU,2009-Q4,70.21363
DEU,2010-Q1,69.65968
DEU,2010-Q2,70.13804
DEU,2010-Q3,70.5849
DEU,2010-Q4,70.88297
DEU,2011-Q1,71.07722
DEU,2011-Q2,71.69345
DEU,2011-Q3,71.949
DEU,2011-Q4,72.34257
DEU,2012-Q1,71.66929
DEU,2012-Q2,71.97399
DEU,2012-Q3,72.23614
DEU,2012-Q4,72.29877
DEU,2013-Q1,72.24374
DEU,2013-Q2,72.63423
DEU,2013-Q3,72.57076
DEU,2013-Q4,72.63646
DEU,2014-Q1,72.60341
DEU,2014-Q2,72.84289
DEU,2014-Q3,72.95168
DEU,2014-Q4,72.8479
DEU,2015-Q1,73.09782
DEU,2015-Q2,72.89467
DEU,2015-Q3,72.88573
DEU,2015-Q4,73.07173
DEU,2016-Q1,73.50848
DEU,2016-Q2,73.42889
DEU,2016-Q3,73.82692
DEU,2016-Q4,73.8933
DEU,2017-Q1,73.98003
DEU,2017-Q2,74.08523
DEU,2017-Q3,74.41839
DEU,2017-Q4,74.51973
DEU,2018-Q1,74.7618
DEU,2018-Q2,74.69805
DEU,2018-Q3,75.06382
DEU,2018-Q4,75.1322
DEU,2019-Q1,75.64332
DEU,2019-Q2,75.63651
DEU,2019-Q3,75.64186
DEU,2019-Q4,75.78902
DEU,2020-Q1,74.51608
DEU,2020-Q2,74.14487
DEU,2020-Q3,74.11314
DEU,2020-Q4,74.65932
DEU,2021-Q1,74.50894
DEU,2021-Q2,75.22787
DEU,2021-Q3,76.21054
DEU,2021-Q4,76.39588
DEU,2022-Q1,76.5825
DEU,2022-Q2,76.85705
DEU,2022-Q3,76.92901
DEU,2022-Q4,77.20831
DEU,2023-Q1,77.27289
DEU,2023-Q2,77.46197
DEU,2023-Q3,77.35931
GRC,1998-Q1,55.60656
GRC,1998-Q2,55.85064
GRC,1998-Q3,56.13288
GRC,1998-Q4,56.21347
GRC,1999-Q1,56.34367
GRC,1999-Q2,55.80833
GRC,1999-Q3,55.7033
GRC,1999-Q4,55.74428
GRC,2000-Q1,55.97697
GRC,2000-Q2,56.33573
GRC,2000-Q3,56.58033
GRC,2000-Q4,56.92579
GRC,2001-Q1,56.4291
GRC,2001-Q2,56.28314
GRC,2001-Q3,56.48402
GRC,2001-Q4,56.21948
GRC,2002-Q1,56.4959
GRC,2002-Q2,57.36819
GRC,2002-Q3,57.6744
GRC,2002-Q4,58.02949
GRC,2003-Q1,58.2086
GRC,2003-Q2,58.42614
GRC,2003-Q3,58.60285
GRC,2003-Q4,58.68823
GRC,2004-Q1,58.77253
GRC,2004-Q2,59.08459
GRC,2004-Q3,59.03773
GRC,2004-Q4,59.367
GRC,2005-Q1,59.46383
GRC,2005-Q2,59.59544
GRC,2005-Q3,59.47186
GRC,2005-Q4,59.9929
GRC,2006-Q1,60.37054
GRC,2006-Q2,60.41311
GRC,2006-Q3,60.7848
GRC,2006-Q4,60.70437
GRC,2007-Q1,60.6224
GRC,2007-Q2,60.75491
GRC,2007-Q3,60.96249
GRC,2007-Q4,61.11488
GRC,2008-Q1,61.17085
GRC,2008-Q2,61.5702
GRC,2008-Q3,61.43696
GRC,2008-Q4,61.43771
GRC,2009-Q1,61.03831
GRC,2009-Q2,60.92699
GRC,2009-Q3,60.64669
GRC,2009-Q4,60.19767
GRC,2010-Q1,59.90938
GRC,2010-Q2,59.28456
GRC,2010-Q3,58.40555
GRC,2010-Q4,57.72635
GRC,2011-Q1,56.72008
GRC,2011-Q2,55.55972
GRC,2011-Q3,54.15278
GRC,2011-Q4,52.97145
GRC,2012-Q1,52.00027
GRC,2012-Q2,50.66344
GRC,2012-Q3,49.65936
GRC,2012-Q4,49.363
GRC,2013-Q1,48.75023
GRC,2013-Q2,48.6804
GRC,2013-Q3,48.20017
GRC,2013-Q4,48.3073
GRC,2014-Q1,48.94091
GRC,2014-Q2,49.04068
GRC,2014-Q3,49.32125
GRC,2014-Q4,49.60619
GRC,2015-Q1,49.86951
GRC,2015-Q2,50.70039
GRC,2015-Q3,50.93904
GRC,2015-Q4,51.35238
GRC,2016-Q1,51.49725
GRC,2016-Q2,51.92031
GRC,2016-Q3,51.87393
GRC,2016-Q4,51.79596
GRC,2017-Q1,52.43601
GRC,2017-Q2,53.45147
GRC,2017-Q3,53.45692
GRC,2017-Q4,53.4192
GRC,2018-Q1,53.63255
GRC,2018-Q2,54.91619
GRC,2018-Q3,54.68034
GRC,2018-Q4,54.84488
GRC,2019-Q1,55.25869
GRC,2019-Q2,56.74306
GRC,2019-Q3,56.19358
GRC,2019-Q4,56.28017
GRC,2020-Q1,54.81871
GRC,2020-Q2,50.56988
GRC,2020-Q3,55.54749
GRC,2020-Q4,53.76046
GRC,2021-Q1,53.63486
GRC,2021-Q2,57.12307
GRC,2021-Q3,58.93198
GRC,2021-Q4,59.31166
GRC,2022-Q1,60.08713
GRC,2022-Q2,61.00974
GRC,2022-Q3,60.79233
GRC,2022-Q4,60.91009
GRC,2023-Q1,60.97404
GRC,2023-Q2,62.21104
GRC,2023-Q3,61.79525
HUN,1999-Q1,55.20819
HUN,1999-Q2,55.51739
HUN,1999-Q3,55.66936
HUN,1999-Q4,55.87065
HUN,2000-Q1,56.00743
HUN,2000-Q2,56.07438
HUN,2000-Q3,56.30701
HUN,2000-Q4,56.65417
HUN,2001-Q1,56.46556
HUN,2001-Q2,56.15623
HUN,2001-Q3,56.1875
HUN,2001-Q4,55.95285
HUN,2002-Q1,56.20013
HUN,2002-Q2,56.21382
HUN,2002-Q3,56.15952
HUN,2002-Q4,56.28788
HUN,2003-Q1,56.54531
HUN,2003-Q2,57.08412
HUN,2003-Q3,57.17626
HUN,2003-Q4,57.24734
HUN,2004-Q1,57.04515
HUN,2004-Q2,56.67309
HUN,2004-Q3,56.5415
HUN,2004-Q4,56.78144
HUN,2005-Q1,56.84849
HUN,2005-Q2,56.82535
HUN,2005-Q3,57.02572
HUN,2005-Q4,56.96516
HUN,2006-Q1,57.3451
HUN,2006-Q2,57.44542
HUN,2006-Q3,57.19133
HUN,2006-Q4,57.42239
HUN,2007-Q1,57.39531
HUN,2007-Q2,57.18367
HUN,2007-Q3,56.94158
HUN,2007-Q4,56.62767
HUN,2008-Q1,56.50154
HUN,2008-Q2,56.26581
HUN,2008-Q3,56.5273
HUN,2008-Q4,56.2369
HUN,2009-Q1,57.53527
HUN,2009-Q2,57.3806
HUN,2009-Q3,56.93522
HUN,2009-Q4,56.98722
HUN,2010-Q1,56.92447
HUN,2010-Q2,56.9735
HUN,2010-Q3,57.07359
HUN,2010-Q4,57.22078
HUN,2011-Q1,57.2546
HUN,2011-Q2,57.571
HUN,2011-Q3,57.62128
HUN,2011-Q4,57.85809
HUN,2012-Q1,57.9273
HUN,2012-Q2,58.46527
HUN,2012-Q3,58.99837
HUN,2012-Q4,59.11537
HUN,2013-Q1,58.73531
HUN,2013-Q2,60.04007
HUN,2013-Q3,60.4647
HUN,2013-Q4,61.27707
HUN,2014-Q1,63.08218
HUN,2014-Q2,63.15846
HUN,2014-Q3,63.90833
HUN,2014-Q4,64.36126
HUN,2015-Q1,64.76362
HUN,2015-Q2,65.61398
HUN,2015-Q3,66.2592
HUN,2015-Q4,66.78453
HUN,2016-Q1,67.51601
HUN,2016-Q2,68.43275
HUN,2016-Q3,68.80273
HUN,2016-Q4,69.41772
HUN,2017-Q1,69.62848
HUN,2017-Q2,69.96664
HUN,2017-Q3,70.2981
HUN,2017-Q4,70.72604
HUN,2018-Q1,71.1267
HUN,2018-Q2,71.41039
HUN,2018-Q3,71.40308
HUN,2018-Q4,71.65757
HUN,2019-Q1,72.20638
HUN,2019-Q2,72.27658
HUN,2019-Q3,72.09272
HUN,2019-Q4,72.2431
HUN,2020-Q1,72.18491
HUN,2020-Q2,71.33301
HUN,2020-Q3,72.08614
HUN,2020-Q4,72.18699
HUN,2021-Q1,71.98788
HUN,2021-Q2,73.01622
HUN,2021-Q3,73.34373
HUN,2021-Q4,73.95101
HUN,2022-Q1,74.17526
HUN,2022-Q2,74.38261
HUN,2022-Q3,74.41685
HUN,2022-Q4,74.44698
HUN,2023-Q1,74.66913
HUN,2023-Q2,74.80293
HUN,2023-Q3,74.69024
ISL,2003-Q1,83.17052
ISL,2003-Q2,83.31832
ISL,2003-Q3,83.93375
ISL,2003-Q4,82.58835
ISL,2004-Q1,82.20611
ISL,2004-Q2,82.07141
ISL,2004-Q3,82.2841
ISL,2004-Q4,82.57493
ISL,2005-Q1,83.19308
ISL,2005-Q2,83.77869
ISL,2005-Q3,83.47967
ISL,2005-Q4,84.13386
ISL,2006-Q1,84.27644
ISL,2006-Q2,84.49879
ISL,2006-Q3,84.61319
ISL,2006-Q4,84.98994
ISL,2007-Q1,85.95275
ISL,2007-Q2,84.87663
ISL,2007-Q3,84.92661
ISL,2007-Q4,84.85057
ISL,2008-Q1,84.29449
ISL,2008-Q2,84.54582
ISL,2008-Q3,83.38958
ISL,2008-Q4,82.20893
ISL,2009-Q1,78.61921
ISL,2009-Q2,77.85901
ISL,2009-Q3,78.49924
ISL,2009-Q4,78.32884
ISL,2010-Q1,78.53098
ISL,2010-Q2,78.42187
ISL,2010-Q3,77.51847
ISL,2010-Q4,78.19522
ISL,2011-Q1,78.24707
ISL,2011-Q2,78.51361
ISL,2011-Q3,78.0927
ISL,2011-Q4,79.00378
ISL,2012-Q1,78.64326
ISL,2012-Q2,79.65024
ISL,2012-Q3,79.91533
ISL,2012-Q4,80.44929
ISL,2013-Q1,79.87309
ISL,2013-Q2,80.62974
ISL,2013-Q3,81.92149
ISL,2013-Q4,81.93725
ISL,2014-Q1,81.74301
ISL,2014-Q2,83.15022
ISL,2014-Q3,83.24856
ISL,2014-Q4,83.68873
ISL,2015-Q1,84.21336
ISL,2015-Q2,84.46503
ISL,2015-Q3,84.93341
ISL,2015-Q4,85.19873
ISL,2016-Q1,86.07061
ISL,2016-Q2,86.14674
ISL,2016-Q3,86.97798
ISL,2016-Q4,86.96275
ISL,2017-Q1,86.93491
ISL,2017-Q2,86.64576
ISL,2017-Q3,85.34923
ISL,2017-Q4,85.51733
ISL,2018-Q1,85.05965
ISL,2018-Q2,84.47334
ISL,2018-Q3,85.48232
ISL,2018-Q4,85.33997
ISL,2019-Q1,84.98765
ISL,2019-Q2,84.78144
ISL,2019-Q3,83.01965
ISL,2019-Q4,83.61088
ISL,2020-Q1,83.17643
ISL,2020-Q2,79.77279
ISL,2020-Q3,81.61634
ISL,2020-Q4,76.69949
ISL,2021-Q1,77.38538
ISL,2021-Q2,79.0054
ISL,2021-Q3,80.79038
ISL,2021-Q4,81.83032
ISL,2022-Q1,82.94301
ISL,2022-Q2,83.53217
ISL,2022-Q3,82.59884
ISL,2022-Q4,83.94766
ISL,2023-Q1,83.53783
ISL,2023-Q2,84.51532
ISL,2023-Q3,83.58566
IRL,1999-Q2,63.08013
IRL,1999-Q3,63.77315
IRL,1999-Q4,64.18932
IRL,2000-Q1,64.62188
IRL,2000-Q2,65.12254
IRL,2000-Q3,65.43256
IRL,2000-Q4,65.54397
IRL,2001-Q1,65.73882
IRL,2001-Q2,65.72372
IRL,2001-Q3,66.00138
IRL,2001-Q4,65.83277
IRL,2002-Q1,65.62794
IRL,2002-Q2,65.59035
IRL,2002-Q3,65.34321
IRL,2002-Q4,65.26238
IRL,2003-Q1,65.29475
IRL,2003-Q2,65.49341
IRL,2003-Q3,65.40244
IRL,2003-Q4,65.8063
IRL,2004-Q1,66.04763
IRL,2004-Q2,65.96355
IRL,2004-Q3,66.28184
IRL,2004-Q4,66.81186
IRL,2005-Q1,67.18142
IRL,2005-Q2,67.51587
IRL,2005-Q3,67.89343
IRL,2005-Q4,67.99429
IRL,2006-Q1,68.48476
IRL,2006-Q2,68.45834
IRL,2006-Q3,68.71059
IRL,2006-Q4,69.00396
IRL,2007-Q1,71.805
IRL,2007-Q2,71.81419
IRL,2007-Q3,71.83748
IRL,2007-Q4,71.50362
IRL,2008-Q1,71.05537
IRL,2008-Q2,70.32677
IRL,2008-Q3,69.35559
IRL,2008-Q4,67.93954
IRL,2009-Q1,65.19147
IRL,2009-Q2,63.97823
IRL,2009-Q3,63.03795
IRL,2009-Q4,62.27409
IRL,2010-Q1,61.50701
IRL,2010-Q2,61.30677
IRL,2010-Q3,60.82932
IRL,2010-Q4,60.17944
IRL,2011-Q1,60.02761
IRL,2011-Q2,60.39554
IRL,2011-Q3,59.69246
IRL,2011-Q4,59.94874
IRL,2012-Q1,59.72202
IRL,2012-Q2,59.90349
IRL,2012-Q3,59.93161
IRL,2012-Q4,60.11066
IRL,2013-Q1,60.85827
IRL,2013-Q2,61.62672
IRL,2013-Q3,62.05229
IRL,2013-Q4,62.34824
IRL,2014-Q1,62.49516
IRL,2014-Q2,62.79877
IRL,2014-Q3,63.32147
IRL,2014-Q4,63.83119
IRL,2015-Q1,64.05818
IRL,2015-Q2,64.70405
IRL,2015-Q3,64.84338
IRL,2015-Q4,65.23381
IRL,2016-Q1,65.49876
IRL,2016-Q2,66.45468
IRL,2016-Q3,66.74112
IRL,2016-Q4,66.90661
IRL,2017-Q1,67.237
IRL,2017-Q2,67.55158
IRL,2017-Q3,67.54127
IRL,2017-Q4,67.98753
IRL,2018-Q1,67.99936
IRL,2018-Q2,68.59898
IRL,2018-Q3,68.62805
IRL,2018-Q4,68.78085
IRL,2019-Q1,69.37509
IRL,2019-Q2,69.49552
IRL,2019-Q3,69.22352
IRL,2019-Q4,69.57345
IRL,2020-Q1,69.65141
IRL,2020-Q2,63.97854
IRL,2020-Q3,66.13863
IRL,2020-Q4,66.49406
IRL,2021-Q1,66.06911
IRL,2021-Q2,69.12476
IRL,2021-Q3,71.61054
IRL,2021-Q4,72.58887
IRL,2022-Q1,73.16964
IRL,2022-Q2,73.68571
IRL,2022-Q3,72.84895
IRL,2022-Q4,73.08476
IRL,2023-Q1,73.81284
IRL,2023-Q2,74.25648
IRL,2023-Q3,73.84411
ITA,1998-Q1,51.63791
ITA,1998-Q2,51.87399
ITA,1998-Q3,52.07743
ITA,1998-Q4,52.19458
ITA,1999-Q1,52.42956
ITA,1999-Q2,52.60624
ITA,1999-Q3,52.79292
ITA,1999-Q4,52.94587
ITA,2000-Q1,53.01252
ITA,2000-Q2,53.45625
ITA,2000-Q3,53.9325
ITA,2000-Q4,54.41602
ITA,2001-Q1,54.58447
ITA,2001-Q2,54.54468
ITA,2001-Q3,54.91441
ITA,2001-Q4,55.06936
ITA,2002-Q1,55.4556
ITA,2002-Q2,55.37642
ITA,2002-Q3,55.60916
ITA,2002-Q4,55.69104
ITA,2003-Q1,55.88775
ITA,2003-Q2,56.06437
ITA,2003-Q3,56.27249
ITA,2003-Q4,56.21241
ITA,2004-Q1,57.46162
ITA,2004-Q2,57.68956
ITA,2004-Q3,57.83938
ITA,2004-Q4,57.90992
ITA,2005-Q1,57.67964
ITA,2005-Q2,57.57758
ITA,2005-Q3,57.30978
ITA,2005-Q4,57.7489
ITA,2006-Q1,58.24178
ITA,2006-Q2,58.5139
ITA,2006-Q3,58.23264
ITA,2006-Q4,58.36358
ITA,2007-Q1,58.25373
ITA,2007-Q2,58.49183
ITA,2007-Q3,58.82991
ITA,2007-Q4,58.66347
ITA,2008-Q1,58.6857
ITA,2008-Q2,58.78479
ITA,2008-Q3,58.72639
ITA,2008-Q4,58.33613
ITA,2009-Q1,57.27287
ITA,2009-Q2,57.18485
ITA,2009-Q3,56.78941
ITA,2009-Q4,56.41446
ITA,2010-Q1,56.33671
ITA,2010-Q2,56.33064
ITA,2010-Q3,56.08887
ITA,2010-Q4,56.32921
ITA,2011-Q1,56.41809
ITA,2011-Q2,56.49106
ITA,2011-Q3,56.26131
ITA,2011-Q4,56.18696
ITA,2012-Q1,56.16419
ITA,2012-Q2,56.25819
ITA,2012-Q3,56.0148
ITA,2012-Q4,55.83978
ITA,2013-Q1,55.31625
ITA,2013-Q2,54.71213
ITA,2013-Q3,54.79044
ITA,2013-Q4,55.08962
ITA,2014-Q1,55.05804
ITA,2014-Q2,55.18848
ITA,2014-Q3,55.29143
ITA,2014-Q4,55.60324
ITA,2015-Q1,55.69238
ITA,2015-Q2,55.75064
ITA,2015-Q3,56.19404
ITA,2015-Q4,56.41337
ITA,2016-Q1,56.74285
ITA,2016-Q2,57.10294
ITA,2016-Q3,57.13031
ITA,2016-Q4,57.26151
ITA,2017-Q1,57.55672
ITA,2017-Q2,57.79563
ITA,2017-Q3,57.97532
ITA,2017-Q4,58.1106
ITA,2018-Q1,58.24877
ITA,2018-Q2,58.61584
ITA,2018-Q3,58.63933
ITA,2018-Q4,58.56594
ITA,2019-Q1,58.71421
ITA,2019-Q2,59.32163
ITA,2019-Q3,59.13333
ITA,2019-Q4,59.02643
ITA,2020-Q1,58.79436
ITA,2020-Q2,56.71859
ITA,2020-Q3,57.02288
ITA,2020-Q4,57.32311
ITA,2021-Q1,56.67977
ITA,2021-Q2,57.93939
ITA,2021-Q3,58.8508
ITA,2021-Q4,59.4348
ITA,2022-Q1,59.50826
ITA,2022-Q2,60.20398
ITA,2022-Q3,60.11605
ITA,2022-Q4,60.74311
ITA,2023-Q1,60.98091
ITA,2023-Q2,61.3228
ITA,2023-Q3,61.41336
JPN,1970-Q1,68.0367
JPN,1970-Q2,68.19401
JPN,1970-Q3,68.12877
JPN,1970-Q4,67.86086
JPN,1971-Q1,68.1834
JPN,1971-Q2,67.96787
JPN,1971-Q3,67.63776
JPN,1971-Q4,67.50574
JPN,1972-Q1,67.40157
JPN,1972-Q2,67.1394
JPN,1972-Q3,67.28274
JPN,1972-Q4,67.49938
JPN,1973-Q1,68.06412
JPN,1973-Q2,67.49555
JPN,1973-Q3,67.65199
JPN,1973-Q4,67.80405
JPN,1974-Q1,67.27058
JPN,1974-Q2,67.16151
JPN,1974-Q3,66.5674
JPN,1974-Q4,66.41552
JPN,1975-Q1,66.02417
JPN,1975-Q2,66.05462
JPN,1975-Q3,66.13414
JPN,1975-Q4,66.03852
JPN,1976-Q1,66.21677
JPN,1976-Q2,65.79433
JPN,1976-Q3,66.17656
JPN,1976-Q4,66.17185
JPN,1977-Q1,66.29132
JPN,1977-Q2,66.38865
JPN,1977-Q3,66.46352
JPN,1977-Q4,66.56928
JPN,1978-Q1,66.60194
JPN,1978-Q2,66.87008
JPN,1978-Q3,66.59553
JPN,1978-Q4,66.80249
JPN,1979-Q1,66.95687
JPN,1979-Q2,67.06227
JPN,1979-Q3,67.08804
JPN,1979-Q4,67.13219
JPN,1980-Q1,67.01284
JPN,1980-Q2,67.05974
JPN,1980-Q3,67.28288
JPN,1980-Q4,67.05943
JPN,1981-Q1,67.05923
JPN,1981-Q2,67.10987
JPN,1981-Q3,67.15071
JPN,1981-Q4,67.24102
JPN,1982-Q1,67.384
JPN,1982-Q2,67.26647
JPN,1982-Q3,67.08992
JPN,1982-Q4,67.48735
JPN,1983-Q1,67.74454
JPN,1983-Q2,67.76732
JPN,1983-Q3,67.74997
JPN,1983-Q4,67.61839
JPN,1984-Q1,67.35136
JPN,1984-Q2,67.48326
JPN,1984-Q3,67.58518
JPN,1984-Q4,67.66636
JPN,1985-Q1,67.53849
JPN,1985-Q2,67.40807
JPN,1985-Q3,67.34231
JPN,1985-Q4,67.15841
JPN,1986-Q1,67.38789
JPN,1986-Q2,67.18159
JPN,1986-Q3,67.25487
JPN,1986-Q4,67.10332
JPN,1987-Q1,66.94421
JPN,1987-Q2,66.99728
JPN,1987-Q3,67.22964
JPN,1987-Q4,67.33669
JPN,1988-Q1,67.29791
JPN,1988-Q2,67.51102
JPN,1988-Q3,67.50862
JPN,1988-Q4,67.56041
JPN,1989-Q1,67.81985
JPN,1989-Q2,68.11862
JPN,1989-Q3,68.18112
JPN,1989-Q4,68.30884
JPN,1990-Q1,68.61501
JPN,1990-Q2,68.71179
JPN,1990-Q3,68.85669
JPN,1990-Q4,69.0406
JPN,1991-Q1,69.27474
JPN,1991-Q2,69.37214
JPN,1991-Q3,69.50832
JPN,1991-Q4,69.67725
JPN,1992-Q1,69.8114
JPN,1992-Q2,69.64433
JPN,1992-Q3,69.62335
JPN,1992-Q4,69.89505
JPN,1993-Q1,69.54163
JPN,1993-Q2,69.54826
JPN,1993-Q3,69.58282
JPN,1993-Q4,69.59896
JPN,1994-Q1,69.34656
JPN,1994-Q2,69.51233
JPN,1994-Q3,69.26769
JPN,1994-Q4,69.24994
JPN,1995-Q1,69.26453
JPN,1995-Q2,69.22562
JPN,1995-Q3,69.30012
JPN,1995-Q4,69.21755
JPN,1996-Q1,69.31595
JPN,1996-Q2,69.48831
JPN,1996-Q3,69.76405
JPN,1996-Q4,69.6955
JPN,1997-Q1,70.03622
JPN,1997-Q2,70.12101
JPN,1997-Q3,70.11514
JPN,1997-Q4,69.98836
JPN,1998-Q1,69.92259
JPN,1998-Q2,69.59286
JPN,1998-Q3,69.45416
JPN,1998-Q4,69.27718
JPN,1999-Q1,69.08689
JPN,1999-Q2,68.98834
JPN,1999-Q3,69.0192
JPN,1999-Q4,68.99085
JPN,2000-Q1,68.75898
JPN,2000-Q2,69.02222
JPN,2000-Q3,69.01018
JPN,2000-Q4,69.1657
JPN,2001-Q1,69.25991
JPN,2001-Q2,68.97169
JPN,2001-Q3,68.64271
JPN,2001-Q4,68.48404
JPN,2002-Q1,68.42081
JPN,2002-Q2,68.16614
JPN,2002-Q3,68.28225
JPN,2002-Q4,68.38561
JPN,2003-Q1,68.32905
JPN,2003-Q2,68.33434
JPN,2003-Q3,68.47329
JPN,2003-Q4,68.69961
JPN,2004-Q1,68.7036
JPN,2004-Q2,68.66581
JPN,2004-Q3,68.89429
JPN,2004-Q4,68.9968
JPN,2005-Q1,69.09327
JPN,2005-Q2,69.32005
JPN,2005-Q3,69.6067
JPN,2005-Q4,69.46828
JPN,2006-Q1,69.82282
JPN,2006-Q2,69.98719
JPN,2006-Q3,70.1098
JPN,2006-Q4,70.22019
JPN,2007-Q1,70.43744
JPN,2007-Q2,70.9254
JPN,2007-Q3,70.79575
JPN,2007-Q4,70.92707
JPN,2008-Q1,70.7723
JPN,2008-Q2,70.94743
JPN,2008-Q3,70.84381
JPN,2008-Q4,70.91073
JPN,2009-Q1,70.52541
JPN,2009-Q2,70.0285
JPN,2009-Q3,70.06018
JPN,2009-Q4,70.08003
JPN,2010-Q1,70.2569
JPN,2010-Q2,70.07822
JPN,2010-Q3,70.40231
JPN,2010-Q4,70.3964
JPN,2011-Q1,70.82626
JPN,2011-Q2,71.07259
JPN,2011-Q3,70.78429
JPN,2011-Q4,70.50733
JPN,2012-Q1,70.37765
JPN,2012-Q2,70.50185
JPN,2012-Q3,70.69641
JPN,2012-Q4,70.908
JPN,2013-Q1,71.26251
JPN,2013-Q2,71.64309
JPN,2013-Q3,71.93018
JPN,2013-Q4,72.20759
JPN,2014-Q1,72.51167
JPN,2014-Q2,72.71594
JPN,2014-Q3,72.8448
JPN,2014-Q4,72.97791
JPN,2015-Q1,73.12814
JPN,2015-Q2,73.20615
JPN,2015-Q3,73.46182
JPN,2015-Q4,73.7943
JPN,2016-Q1,74.07684
JPN,2016-Q2,74.28935
JPN,2016-Q3,74.6596
JPN,2016-Q4,74.84952
JPN,2017-Q1,74.91474
JPN,2017-Q2,75.19749
JPN,2017-Q3,75.53346
JPN,2017-Q4,75.84124
JPN,2018-Q1,76.43846
JPN,2018-Q2,76.91568
JPN,2018-Q3,77.03364
JPN,2018-Q4,77.38258
JPN,2019-Q1,77.51381
JPN,2019-Q2,77.70446
JPN,2019-Q3,77.93172
JPN,2019-Q4,78.10848
JPN,2020-Q1,78.05522
JPN,2020-Q2,77.08373
JPN,2020-Q3,77.18105
JPN,2020-Q4,77.49158
JPN,2021-Q1,77.74313
JPN,2021-Q2,77.80847
JPN,2021-Q3,78.01637
JPN,2021-Q4,77.95103
JPN,2022-Q1,78.05427
JPN,2022-Q2,78.55837
JPN,2022-Q3,78.62563
JPN,2022-Q4,78.57441
JPN,2023-Q1,78.54721
JPN,2023-Q2,78.89423
JPN,2023-Q3,79.03529
JPN,2023-Q4,79.27641
KOR,1999-Q3,60.07222
KOR,1999-Q4,60.91202
KOR,2000-Q1,61.06757
KOR,2000-Q2,61.36653
KOR,2000-Q3,61.82716
KOR,2000-Q4,61.79399
KOR,2001-Q1,61.26122
KOR,2001-Q2,62.35896
KOR,2001-Q3,62.5116
KOR,2001-Q4,62.69114
KOR,2002-Q1,63.15979
KOR,2002-Q2,63.4914
KOR,2002-Q3,63.55869
KOR,2002-Q4,63.41548
KOR,2003-Q1,63.13295
KOR,2003-Q2,62.92296
KOR,2003-Q3,62.97453
KOR,2003-Q4,63.1111
KOR,2004-Q1,63.92435
KOR,2004-Q2,63.7076
KOR,2004-Q3,63.62189
KOR,2004-Q4,63.81652
KOR,2005-Q1,63.7534
KOR,2005-Q2,63.75267
KOR,2005-Q3,63.6942
KOR,2005-Q4,63.79286
KOR,2006-Q1,64.00769
KOR,2006-Q2,64.0158
KOR,2006-Q3,63.919
KOR,2006-Q4,63.95448
KOR,2007-Q1,64.14853
KOR,2007-Q2,64.13472
KOR,2007-Q3,64.11813
KOR,2007-Q4,64.18312
KOR,2008-Q1,64.15131
KOR,2008-Q2,64.12836
KOR,2008-Q3,63.90202
KOR,2008-Q4,63.64505
KOR,2009-Q1,63.09516
KOR,2009-Q2,62.95545
KOR,2009-Q3,62.98201
KOR,2009-Q4,63.03921
KOR,2010-Q1,63.09031
KOR,2010-Q2,63.47839
KOR,2010-Q3,63.46939
KOR,2010-Q4,63.51703
KOR,2011-Q1,63.63026
KOR,2011-Q2,63.99617
KOR,2011-Q3,63.87075
KOR,2011-Q4,64.1665
KOR,2012-Q1,64.2341
KOR,2012-Q2,64.45027
KOR,2012-Q3,64.40253
KOR,2012-Q4,64.28919
KOR,2013-Q1,64.08887
KOR,2013-Q2,64.54733
KOR,2013-Q3,64.78554
KOR,2013-Q4,65.08955
KOR,2014-Q1,65.47638
KOR,2014-Q2,65.42605
KOR,2014-Q3,65.70271
KOR,2014-Q4,65.66192
KOR,2015-Q1,65.8557
KOR,2015-Q2,65.76825
KOR,2015-Q3,65.95002
KOR,2015-Q4,66.06704
KOR,2016-Q1,65.9277
KOR,2016-Q2,65.90399
KOR,2016-Q3,66.18855
KOR,2016-Q4,66.28344
KOR,2017-Q1,66.4966
KOR,2017-Q2,66.64433
KOR,2017-Q3,66.70334
KOR,2017-Q4,66.67272
KOR,2018-Q1,66.74671
KOR,2018-Q2,66.64715
KOR,2018-Q3,66.46401
KOR,2018-Q4,66.59418
KOR,2019-Q1,66.68448
KOR,2019-Q2,66.71716
KOR,2019-Q3,66.84073
KOR,2019-Q4,67.04828
KOR,2020-Q1,66.76676
KOR,2020-Q2,65.40308
KOR,2020-Q3,65.63251
KOR,2020-Q4,65.63704
KOR,2021-Q1,65.63345
KOR,2021-Q2,66.41003
KOR,2021-Q3,66.8063
KOR,2021-Q4,67.25556
KOR,2022-Q1,68.05567
KOR,2022-Q2,68.5336
KOR,2022-Q3,68.7205
KOR,2022-Q4,68.73791
KOR,2023-Q1,68.8401
KOR,2023-Q2,69.24334
KOR,2023-Q3,69.35906
KOR,2023-Q4,69.47031
LUX,2007-Q1,64.54018
LUX,2007-Q2,63.44442
LUX,2007-Q3,64.45061
LUX,2007-Q4,64.16933
LUX,2008-Q1,63.57413
LUX,2008-Q2,63.8517
LUX,2008-Q3,63.49127
LUX,2008-Q4,62.75038
LUX,2009-Q1,64.50021
LUX,2009-Q2,65.5523
LUX,2009-Q3,65.80722
LUX,2009-Q4,64.89893
LUX,2010-Q1,64.70095
LUX,2010-Q2,64.59322
LUX,2010-Q3,66.15012
LUX,2010-Q4,65.37192
LUX,2011-Q1,65.65224
LUX,2011-Q2,63.65184
LUX,2011-Q3,64.9756
LUX,2011-Q4,64.08472
LUX,2012-Q1,64.66132
LUX,2012-Q2,65.64888
LUX,2012-Q3,66.60995
LUX,2012-Q4,66.42278
LUX,2013-Q1,65.08835
LUX,2013-Q2,65.48247
LUX,2013-Q3,66.05315
LUX,2013-Q4,66.25787
LUX,2014-Q1,66.3156
LUX,2014-Q2,66.53124
LUX,2014-Q3,65.97132
LUX,2014-Q4,67.70855
LUX,2015-Q1,66.11357
LUX,2015-Q2,67.02235
LUX,2015-Q3,65.4955
LUX,2015-Q4,65.87744
LUX,2016-Q1,65.16061
LUX,2016-Q2,65.27501
LUX,2016-Q3,65.22122
LUX,2016-Q4,66.5593
LUX,2017-Q1,65.9545
LUX,2017-Q2,65.71198
LUX,2017-Q3,67.0508
LUX,2017-Q4,66.40146
LUX,2018-Q1,66.92645
LUX,2018-Q2,66.27586
LUX,2018-Q3,66.96882
LUX,2018-Q4,68.19382
LUX,2019-Q1,67.65784
LUX,2019-Q2,68.16789
LUX,2019-Q3,67.91409
LUX,2019-Q4,67.95377
LUX,2020-Q1,66.76219
LUX,2020-Q2,66.71717
LUX,2020-Q3,66.93655
LUX,2020-Q4,68.55656
LUX,2021-Q1,68.09957
LUX,2021-Q2,69.64708
LUX,2021-Q3,70.20866
LUX,2021-Q4,69.47457
LUX,2022-Q1,70.58775
LUX,2022-Q2,70.13535
LUX,2022-Q3,70.046
LUX,2022-Q4,69.7155
LUX,2023-Q1,70.59924
LUX,2023-Q2,70.76328
LUX,2023-Q3,70.57305
MEX,2005-Q1,60.01521
MEX,2005-Q2,59.58606
MEX,2005-Q3,60.2207
MEX,2005-Q4,60.39626
MEX,2006-Q1,60.90478
MEX,2006-Q2,60.8418
MEX,2006-Q3,61.09674
MEX,2006-Q4,61.01223
MEX,2007-Q1,60.96261
MEX,2007-Q2,60.91041
MEX,2007-Q3,60.58843
MEX,2007-Q4,61.54844
MEX,2008-Q1,61.2296
MEX,2008-Q2,61.204
MEX,2008-Q3,60.51595
MEX,2008-Q4,59.72118
MEX,2009-Q1,59.7769
MEX,2009-Q2,59.31293
MEX,2009-Q3,59.90828
MEX,2009-Q4,60.14417
MEX,2010-Q1,59.7625
MEX,2010-Q2,60.22887
MEX,2010-Q3,59.83688
MEX,2010-Q4,58.82195
MEX,2011-Q1,59.51549
MEX,2011-Q2,59.75893
MEX,2011-Q3,59.98333
MEX,2011-Q4,60.84461
MEX,2012-Q1,60.50982
MEX,2012-Q2,61.27981
MEX,2012-Q3,61.34703
MEX,2012-Q4,60.5029
MEX,2013-Q1,60.43539
MEX,2013-Q2,60.97387
MEX,2013-Q3,60.74213
MEX,2013-Q4,61.21965
MEX,2014-Q1,60.7869
MEX,2014-Q2,60.41006
MEX,2014-Q3,60.25412
MEX,2014-Q4,60.18504
MEX,2015-Q1,60.58597
MEX,2015-Q2,60.54237
MEX,2015-Q3,60.61313
MEX,2015-Q4,61.24347
MEX,2016-Q1,60.85207
MEX,2016-Q2,60.90721
MEX,2016-Q3,61.37772
MEX,2016-Q4,61.05541
MEX,2017-Q1,61.41213
MEX,2017-Q2,61.1364
MEX,2017-Q3,61.07797
MEX,2017-Q4,61.15331
MEX,2018-Q1,61.4738
MEX,2018-Q2,61.6345
MEX,2018-Q3,61.67633
MEX,2018-Q4,61.59803
MEX,2019-Q1,62.09277
MEX,2019-Q2,62.25191
MEX,2019-Q3,62.336
MEX,2019-Q4,62.37729
MEX,2020-Q1,62.57539
MEX,2020-Q2,51.40928
MEX,2020-Q3,56.86813
MEX,2020-Q4,59.22759
MEX,2021-Q1,59.59613
MEX,2021-Q2,61.11789
MEX,2021-Q3,61.505
MEX,2021-Q4,61.91462
MEX,2022-Q1,61.85669
MEX,2022-Q2,62.59184
MEX,2022-Q3,62.54323
MEX,2022-Q4,63.15357
MEX,2023-Q1,63.82834
MEX,2023-Q2,63.37632
MEX,2023-Q3,63.78321
NLD,2000-Q1,71.81953
NLD,2000-Q2,72.70621
NLD,2000-Q3,73.33804
NLD,2000-Q4,73.83019
NLD,2001-Q1,73.94598
NLD,2001-Q2,73.97926
NLD,2001-Q3,74.20334
NLD,2001-Q4,74.3256
NLD,2002-Q1,74.26822
NLD,2002-Q2,74.43726
NLD,2002-Q3,74.48672
NLD,2002-Q4,74.45969
NLD,2003-Q1,74.07298
NLD,2003-Q2,73.75138
NLD,2003-Q3,73.55392
NLD,2003-Q4,73.17964
NLD,2004-Q1,73.22832
NLD,2004-Q2,73.10111
NLD,2004-Q3,73.19926
NLD,2004-Q4,72.94102
NLD,2005-Q1,70.41714
NLD,2005-Q2,70.51377
NLD,2005-Q3,70.61476
NLD,2005-Q4,70.9585
NLD,2006-Q1,71.11403
NLD,2006-Q2,71.2098
NLD,2006-Q3,71.65397
NLD,2006-Q4,72.28758
NLD,2007-Q1,72.77247
NLD,2007-Q2,73.2823
NLD,2007-Q3,73.75451
NLD,2007-Q4,74.03915
NLD,2008-Q1,74.50661
NLD,2008-Q2,74.98191
NLD,2008-Q3,75.1141
NLD,2008-Q4,75.16648
NLD,2009-Q1,76.69951
NLD,2009-Q2,76.41116
NLD,2009-Q3,76.06478
NLD,2009-Q4,75.47922
NLD,2010-Q1,75.23415
NLD,2010-Q2,75.43855
NLD,2010-Q3,75.54479
NLD,2010-Q4,75.58756
NLD,2011-Q1,75.45007
NLD,2011-Q2,75.52171
NLD,2011-Q3,75.71218
NLD,2011-Q4,76.032
NLD,2012-Q1,75.9764
NLD,2012-Q2,75.9435
NLD,2012-Q3,75.95243
NLD,2012-Q4,75.70426
NLD,2013-Q1,75.37836
NLD,2013-Q2,75.24419
NLD,2013-Q3,74.98031
NLD,2013-Q4,74.81129
NLD,2014-Q1,74.32204
NLD,2014-Q2,74.41104
NLD,2014-Q3,74.7988
NLD,2014-Q4,75.06641
NLD,2015-Q1,75.37353
NLD,2015-Q2,75.61765
NLD,2015-Q3,75.79884
NLD,2015-Q4,75.78225
NLD,2016-Q1,75.93333
NLD,2016-Q2,76.25719
NLD,2016-Q3,76.57362
NLD,2016-Q4,76.71416
NLD,2017-Q1,76.94512
NLD,2017-Q2,77.19571
NLD,2017-Q3,77.54671
NLD,2017-Q4,77.79612
NLD,2018-Q1,78.05632
NLD,2018-Q2,78.48214
NLD,2018-Q3,78.95344
NLD,2018-Q4,79.28778
NLD,2019-Q1,79.45651
NLD,2019-Q2,79.71328
NLD,2019-Q3,79.77706
NLD,2019-Q4,79.77333
NLD,2020-Q1,80.1093
NLD,2020-Q2,78.94936
NLD,2020-Q3,78.87025
NLD,2020-Q4,79.24214
NLD,2021-Q1,79.43118
NLD,2021-Q2,79.83296
NLD,2021-Q3,80.42188
NLD,2021-Q4,80.85403
NLD,2022-Q1,81.37955
NLD,2022-Q2,81.85012
NLD,2022-Q3,81.73251
NLD,2022-Q4,82.07795
NLD,2023-Q1,82.28465
NLD,2023-Q2,82.51256
NLD,2023-Q3,82.47373
NZL,1986-Q1,72.45033
NZL,1986-Q2,72.27319
NZL,1986-Q3,72.13255
NZL,1986-Q4,71.76215
NZL,1987-Q1,72.20047
NZL,1987-Q2,72.06666
NZL,1987-Q3,72.01542
NZL,1987-Q4,71.64843
NZL,1988-Q1,70.5145
NZL,1988-Q2,69.88877
NZL,1988-Q3,68.72763
NZL,1988-Q4,68.61362
NZL,1989-Q1,67.6786
NZL,1989-Q2,66.9166
NZL,1989-Q3,66.97479
NZL,1989-Q4,67.0955
NZL,1990-Q1,67.29969
NZL,1990-Q2,67.59875
NZL,1990-Q3,66.97712
NZL,1990-Q4,66.53531
NZL,1991-Q1,65.98162
NZL,1991-Q2,65.54565
NZL,1991-Q3,64.94337
NZL,1991-Q4,64.59643
NZL,1992-Q1,64.92565
NZL,1992-Q2,65.23286
NZL,1992-Q3,64.68808
NZL,1992-Q4,64.88201
NZL,1993-Q1,65.15693
NZL,1993-Q2,65.41242
NZL,1993-Q3,65.82191
NZL,1993-Q4,66.11185
NZL,1994-Q1,66.60825
NZL,1994-Q2,67.24672
NZL,1994-Q3,67.77715
NZL,1994-Q4,68.35496
NZL,1995-Q1,68.95591
NZL,1995-Q2,69.5927
NZL,1995-Q3,70.00182
NZL,1995-Q4,70.0761
NZL,1996-Q1,70.30319
NZL,1996-Q2,70.77186
NZL,1996-Q3,71.05698
NZL,1996-Q4,70.30926
NZL,1997-Q1,70.18773
NZL,1997-Q2,70.2376
NZL,1997-Q3,70.16544
NZL,1997-Q4,69.91087
NZL,1998-Q1,69.64204
NZL,1998-Q2,69.0205
NZL,1998-Q3,68.99626
NZL,1998-Q4,68.64432
NZL,1999-Q1,69.24903
NZL,1999-Q2,69.20109
NZL,1999-Q3,69.56252
NZL,1999-Q4,70.20571
NZL,2000-Q1,70.00346
NZL,2000-Q2,69.69485
NZL,2000-Q3,70.59054
NZL,2000-Q4,71.04099
NZL,2001-Q1,71.02539
NZL,2001-Q2,71.25826
NZL,2001-Q3,71.34759
NZL,2001-Q4,71.88048
NZL,2002-Q1,72.33437
NZL,2002-Q2,72.07298
NZL,2002-Q3,71.8965
NZL,2002-Q4,72.08453
NZL,2003-Q1,71.84061
NZL,2003-Q2,71.86393
NZL,2003-Q3,72.58638
NZL,2003-Q4,72.34288
NZL,2004-Q1,72.51365
NZL,2004-Q2,72.63619
NZL,2004-Q3,73.28383
NZL,2004-Q4,74.24538
NZL,2005-Q1,73.71721
NZL,2005-Q2,73.79787
NZL,2005-Q3,74.61929
NZL,2005-Q4,74.74279
NZL,2006-Q1,74.78092
NZL,2006-Q2,75.1143
NZL,2006-Q3,74.7226
NZL,2006-Q4,74.44208
NZL,2007-Q1,74.96739
NZL,2007-Q2,75.18695
NZL,2007-Q3,74.93214
NZL,2007-Q4,75.32929
NZL,2008-Q1,73.79374
NZL,2008-Q2,74.93694
NZL,2008-Q3,74.7132
NZL,2008-Q4,74.74799
NZL,2009-Q1,73.32063
NZL,2009-Q2,73.21813
NZL,2009-Q3,72.2144
NZL,2009-Q4,72.15865
NZL,2010-Q1,72.21098
NZL,2010-Q2,72.00035
NZL,2010-Q3,72.25798
NZL,2010-Q4,71.97881
NZL,2011-Q1,72.44676
NZL,2011-Q2,72.44975
NZL,2011-Q3,72.3364
NZL,2011-Q4,72.3851
NZL,2012-Q1,72.48067
NZL,2012-Q2,72.26699
NZL,2012-Q3,71.752
NZL,2012-Q4,70.92411
NZL,2013-Q1,72.09786
NZL,2013-Q2,72.37003
NZL,2013-Q3,72.90973
NZL,2013-Q4,73.4997
NZL,2014-Q1,73.94692
NZL,2014-Q2,73.94201
NZL,2014-Q3,74.06485
NZL,2014-Q4,74.74042
NZL,2015-Q1,74.80164
NZL,2015-Q2,74.45637
NZL,2015-Q3,73.56379
NZL,2015-Q4,74.18779
NZL,2016-Q1,74.61693
NZL,2016-Q2,75.62546
NZL,2016-Q3,75.7184
NZL,2016-Q4,76.34804
NZL,2017-Q1,76.78043
NZL,2017-Q2,76.23502
NZL,2017-Q3,77.10947
NZL,2017-Q4,77.54469
NZL,2018-Q1,77.54395
NZL,2018-Q2,77.57755
NZL,2018-Q3,77.92646
NZL,2018-Q4,76.92972
NZL,2019-Q1,77.45212
NZL,2019-Q2,77.60721
NZL,2019-Q3,77.4894
NZL,2019-Q4,77.30247
NZL,2020-Q1,77.6831
NZL,2020-Q2,76.84844
NZL,2020-Q3,76.10585
NZL,2020-Q4,76.52039
NZL,2021-Q1,77.11617
NZL,2021-Q2,77.84718
NZL,2021-Q3,79.10116
NZL,2021-Q4,79.26727
NZL,2022-Q1,79.10984
NZL,2022-Q2,79.2183
NZL,2022-Q3,80.12969
NZL,2022-Q4,80.25785
NZL,2023-Q1,80.36201
NZL,2023-Q2,80.39118
NZL,2023-Q3,79.79467
NOR,2000-Q1,77.42034
NOR,2000-Q2,77.60725
NOR,2000-Q3,77.52644
NOR,2000-Q4,77.46281
NOR,2001-Q1,77.28835
NOR,2001-Q2,77.27651
NOR,2001-Q3,77.04218
NOR,2001-Q4,77.11557
NOR,2002-Q1,77.11416
NOR,2002-Q2,77.15443
NOR,2002-Q3,76.81587
NOR,2002-Q4,76.22813
NOR,2003-Q1,75.86675
NOR,2003-Q2,75.42261
NOR,2003-Q3,75.36467
NOR,2003-Q4,75.24102
NOR,2004-Q1,75.04458
NOR,2004-Q2,75.16496
NOR,2004-Q3,75.21415
NOR,2004-Q4,75.06038
NOR,2005-Q1,74.67531
NOR,2005-Q2,74.58788
NOR,2005-Q3,74.93803
NOR,2005-Q4,75.12254
NOR,2006-Q1,75.22269
NOR,2006-Q2,75.15418
NOR,2006-Q3,75.47379
NOR,2006-Q4,75.58801
NOR,2007-Q1,76.21169
NOR,2007-Q2,76.46023
NOR,2007-Q3,76.89859
NOR,2007-Q4,77.62964
NOR,2008-Q1,78.06128
NOR,2008-Q2,78.06707
NOR,2008-Q3,78.11668
NOR,2008-Q4,77.58599
NOR,2009-Q1,76.97021
NOR,2009-Q2,76.59141
NOR,2009-Q3,76.13247
NOR,2009-Q4,75.95435
NOR,2010-Q1,75.39579
NOR,2010-Q2,75.30461
NOR,2010-Q3,75.21652
NOR,2010-Q4,75.31678
NOR,2011-Q1,75.08852
NOR,2011-Q2,74.95796
NOR,2011-Q3,75.50201
NOR,2011-Q4,75.58422
NOR,2012-Q1,75.75098
NOR,2012-Q2,75.88971
NOR,2012-Q3,75.78483
NOR,2012-Q4,75.54179
NOR,2013-Q1,75.46761
NOR,2013-Q2,75.36151
NOR,2013-Q3,75.48787
NOR,2013-Q4,75.34138
NOR,2014-Q1,75.1533
NOR,2014-Q2,75.41385
NOR,2014-Q3,75.11077
NOR,2014-Q4,75.21568
NOR,2015-Q1,74.81882
NOR,2015-Q2,74.95555
NOR,2015-Q3,74.76241
NOR,2015-Q4,74.59915
NOR,2016-Q1,74.62189
NOR,2016-Q2,74.23006
NOR,2016-Q3,74.24183
NOR,2016-Q4,74.06779
NOR,2017-Q1,73.88393
NOR,2017-Q2,73.98077
NOR,2017-Q3,74.00298
NOR,2017-Q4,74.1785
NOR,2018-Q1,74.55872
NOR,2018-Q2,74.909
NOR,2018-Q3,74.74666
NOR,2018-Q4,75.04469
NOR,2019-Q1,75.04694
NOR,2019-Q2,75.33318
NOR,2019-Q3,75.57543
NOR,2019-Q4,75.23959
NOR,2020-Q1,75.52951
NOR,2020-Q2,74.36256
NOR,2020-Q3,74.17291
NOR,2020-Q4,74.59949
NOR,2021-Q1,74.88296
NOR,2021-Q2,75.98454
NOR,2021-Q3,76.92264
NOR,2021-Q4,77.39385
NOR,2022-Q1,77.8632
NOR,2022-Q2,77.83891
NOR,2022-Q3,77.68272
NOR,2022-Q4,77.51201
NOR,2023-Q1,77.30945
NOR,2023-Q2,77.53204
NOR,2023-Q3,77.67665
POL,2000-Q1,55.40475
POL,2000-Q2,55.13938
POL,2000-Q3,54.82799
POL,2000-Q4,54.60408
POL,2001-Q1,54.17782
POL,2001-Q2,53.60994
POL,2001-Q3,53.16905
POL,2001-Q4,52.49646
POL,2002-Q1,52.04525
POL,2002-Q2,51.63474
POL,2002-Q3,51.23455
POL,2002-Q4,51.05988
POL,2003-Q1,51.05812
POL,2003-Q2,51.2817
POL,2003-Q3,51.16547
POL,2003-Q4,51.23969
POL,2004-Q1,51.40385
POL,2004-Q2,51.47269
POL,2004-Q3,51.62759
POL,2004-Q4,52.11121
POL,2005-Q1,52.37425
POL,2005-Q2,52.42052
POL,2005-Q3,53.00558
POL,2005-Q4,53.3204
POL,2006-Q1,53.41032
POL,2006-Q2,54.06461
POL,2006-Q3,54.9022
POL,2006-Q4,55.49374
POL,2007-Q1,56.15842
POL,2007-Q2,56.87173
POL,2007-Q3,57.16132
POL,2007-Q4,57.90667
POL,2008-Q1,58.7517
POL,2008-Q2,59.05636
POL,2008-Q3,59.45158
POL,2008-Q4,59.66581
POL,2009-Q1,57.02729
POL,2009-Q2,56.95045
POL,2009-Q3,57.20654
POL,2009-Q4,57.51387
POL,2010-Q1,56.51585
POL,2010-Q2,57.01729
POL,2010-Q3,57.23218
POL,2010-Q4,57.2174
POL,2011-Q1,57.17741
POL,2011-Q2,57.46814
POL,2011-Q3,57.55705
POL,2011-Q4,57.66391
POL,2012-Q1,57.77791
POL,2012-Q2,58.06084
POL,2012-Q3,58.06124
POL,2012-Q4,58.20629
POL,2013-Q1,57.87756
POL,2013-Q2,58.19248
POL,2013-Q3,58.59973
POL,2013-Q4,58.96579
POL,2014-Q1,59.39388
POL,2014-Q2,59.95394
POL,2014-Q3,60.5849
POL,2014-Q4,60.95284
POL,2015-Q1,61.06562
POL,2015-Q2,61.23915
POL,2015-Q3,61.79166
POL,2015-Q4,62.31363
POL,2016-Q1,62.85602
POL,2016-Q2,63.28735
POL,2016-Q3,63.59349
POL,2016-Q4,64.15987
POL,2017-Q1,64.70063
POL,2017-Q2,65.22527
POL,2017-Q3,65.52886
POL,2017-Q4,65.63007
POL,2018-Q1,66.05808
POL,2018-Q2,66.85152
POL,2018-Q3,66.96323
POL,2018-Q4,66.70997
POL,2019-Q1,66.81624
POL,2019-Q2,67.74298
POL,2019-Q3,67.85284
POL,2019-Q4,67.71477
POL,2020-Q1,67.70124
POL,2020-Q2,67.28864
POL,2020-Q3,67.89764
POL,2020-Q4,68.43812
POL,2021-Q1,69.38716
POL,2021-Q2,70.09732
POL,2021-Q3,70.75825
POL,2021-Q4,70.91846
POL,2022-Q1,71.19517
POL,2022-Q2,71.3001
POL,2022-Q3,71.12306
POL,2022-Q4,71.74621
POL,2023-Q1,72.14156
POL,2023-Q2,71.96018
POL,2023-Q3,72.16472
PRT,1998-Q1,66.53934
PRT,1998-Q2,66.93438
PRT,1998-Q3,66.79893
PRT,1998-Q4,67.12978
PRT,1999-Q1,67.3469
PRT,1999-Q2,67.31715
PRT,1999-Q3,67.60715
PRT,1999-Q4,67.77253
PRT,2000-Q1,68.13086
PRT,2000-Q2,68.14333
PRT,2000-Q3,68.50874
PRT,2000-Q4,68.72691
PRT,2001-Q1,68.96098
PRT,2001-Q2,68.8167
PRT,2001-Q3,68.97389
PRT,2001-Q4,69.19976
PRT,2002-Q1,69.18144
PRT,2002-Q2,68.98397
PRT,2002-Q3,68.88342
PRT,2002-Q4,68.18814
PRT,2003-Q1,68.29013
PRT,2003-Q2,67.95918
PRT,2003-Q3,67.91685
PRT,2003-Q4,67.81767
PRT,2004-Q1,67.76858
PRT,2004-Q2,67.60622
PRT,2004-Q3,67.5101
PRT,2004-Q4,67.62835
PRT,2005-Q1,67.32996
PRT,2005-Q2,67.28195
PRT,2005-Q3,67.28088
PRT,2005-Q4,67.34006
PRT,2006-Q1,67.55726
PRT,2006-Q2,67.759
PRT,2006-Q3,67.78779
PRT,2006-Q4,67.4277
PRT,2007-Q1,67.39532
PRT,2007-Q2,67.32216
PRT,2007-Q3,67.82754
PRT,2007-Q4,67.89227
PRT,2008-Q1,68.08667
PRT,2008-Q2,68.2988
PRT,2008-Q3,67.96066
PRT,2008-Q4,67.71345
PRT,2009-Q1,63.74863
PRT,2009-Q2,63.209
PRT,2009-Q3,62.43637
PRT,2009-Q4,62.50197
PRT,2010-Q1,62.60324
PRT,2010-Q2,62.2127
PRT,2010-Q3,62.07227
PRT,2010-Q4,62.10917
PRT,2011-Q1,62.52338
PRT,2011-Q2,62.282
PRT,2011-Q3,61.62964
PRT,2011-Q4,60.89642
PRT,2012-Q1,60.25379
PRT,2012-Q2,59.7812
PRT,2012-Q3,59.03682
PRT,2012-Q4,58.26801
PRT,2013-Q1,58.12591
PRT,2013-Q2,58.05625
PRT,2013-Q3,59.04697
PRT,2013-Q4,60.03911
PRT,2014-Q1,60.23319
PRT,2014-Q2,60.83145
PRT,2014-Q3,61.84184
PRT,2014-Q4,61.92346
PRT,2015-Q1,61.94086
PRT,2015-Q2,62.84491
PRT,2015-Q3,62.97195
PRT,2015-Q4,63.30907
PRT,2016-Q1,63.44595
PRT,2016-Q2,63.85238
PRT,2016-Q3,64.64178
PRT,2016-Q4,64.97666
PRT,2017-Q1,65.76241
PRT,2017-Q2,66.53449
PRT,2017-Q3,67.46653
PRT,2017-Q4,68.10035
PRT,2018-Q1,68.4805
PRT,2018-Q2,68.91837
PRT,2018-Q3,69.29651
PRT,2018-Q4,69.38998
PRT,2019-Q1,69.61295
PRT,2019-Q2,69.77087
PRT,2019-Q3,70.15235
PRT,2019-Q4,69.84991
PRT,2020-Q1,69.58749
PRT,2020-Q2,67.45541
PRT,2020-Q3,68.09737
PRT,2020-Q4,68.93032
PRT,2021-Q1,68.2354
PRT,2021-Q2,69.67938
PRT,2021-Q3,70.44526
PRT,2021-Q4,70.5185
PRT,2022-Q1,71.23392
PRT,2022-Q2,71.04657
PRT,2022-Q3,71.66167
PRT,2022-Q4,71.63002
PRT,2023-Q1,71.90457
PRT,2023-Q2,72.53361
PRT,2023-Q3,72.76911
SVK,1999-Q1,59.08059
SVK,1999-Q2,58.30381
SVK,1999-Q3,57.81701
SVK,1999-Q4,57.27406
SVK,2000-Q1,56.97126
SVK,2000-Q2,56.60039
SVK,2000-Q3,56.67196
SVK,2000-Q4,56.7969
SVK,2001-Q1,56.72049
SVK,2001-Q2,56.96682
SVK,2001-Q3,56.85981
SVK,2001-Q4,56.7561
SVK,2002-Q1,56.72777
SVK,2002-Q2,56.58161
SVK,2002-Q3,56.77299
SVK,2002-Q4,57.1622
SVK,2003-Q1,57.55635
SVK,2003-Q2,57.94778
SVK,2003-Q3,57.83381
SVK,2003-Q4,57.5051
SVK,2004-Q1,56.85486
SVK,2004-Q2,56.88708
SVK,2004-Q3,57.072
SVK,2004-Q4,57.07287
SVK,2005-Q1,57.38262
SVK,2005-Q2,57.50358
SVK,2005-Q3,57.70213
SVK,2005-Q4,58.26858
SVK,2006-Q1,58.70778
SVK,2006-Q2,59.33108
SVK,2006-Q3,59.73254
SVK,2006-Q4,59.95398
SVK,2007-Q1,60.34769
SVK,2007-Q2,60.4796
SVK,2007-Q3,60.64641
SVK,2007-Q4,61.27518
SVK,2008-Q1,61.64273
SVK,2008-Q2,61.84643
SVK,2008-Q3,62.88668
SVK,2008-Q4,62.70081
SVK,2009-Q1,62.86183
SVK,2009-Q2,62.06506
SVK,2009-Q3,61.53945
SVK,2009-Q4,60.83688
SVK,2010-Q1,60.05219
SVK,2010-Q2,60.2583
SVK,2010-Q3,60.48506
SVK,2010-Q4,60.89194
SVK,2011-Q1,60.7351
SVK,2011-Q2,61.04588
SVK,2011-Q3,61.09433
SVK,2011-Q4,61.10324
SVK,2012-Q1,61.38079
SVK,2012-Q2,61.39213
SVK,2012-Q3,61.51255
SVK,2012-Q4,61.21834
SVK,2013-Q1,61.63581
SVK,2013-Q2,61.45147
SVK,2013-Q3,61.55735
SVK,2013-Q4,61.66034
SVK,2014-Q1,62.08024
SVK,2014-Q2,62.4121
SVK,2014-Q3,62.91684
SVK,2014-Q4,63.39921
SVK,2015-Q1,63.78918
SVK,2015-Q2,64.19172
SVK,2015-Q3,64.73946
SVK,2015-Q4,65.31057
SVK,2016-Q1,66.0143
SVK,2016-Q2,66.6558
SVK,2016-Q3,66.98711
SVK,2016-Q4,67.25291
SVK,2017-Q1,67.72305
SVK,2017-Q2,68.00717
SVK,2017-Q3,68.27979
SVK,2017-Q4,68.33633
SVK,2018-Q1,69.04211
SVK,2018-Q2,69.18694
SVK,2018-Q3,69.81267
SVK,2018-Q4,70.01889
SVK,2019-Q1,70.61991
SVK,2019-Q2,70.34988
SVK,2019-Q3,70.44266
SVK,2019-Q4,70.24391
SVK,2020-Q1,70.08877
SVK,2020-Q2,69.1488
SVK,2020-Q3,69.33387
SVK,2020-Q4,69.38815
SVK,2021-Q1,68.11839
SVK,2021-Q2,69.09271
SVK,2021-Q3,70.05818
SVK,2021-Q4,70.51719
SVK,2022-Q1,70.77428
SVK,2022-Q2,71.46021
SVK,2022-Q3,71.41594
SVK,2022-Q4,71.66544
SVK,2023-Q1,71.53262
SVK,2023-Q2,71.96452
SVK,2023-Q3,71.71693
ESP,1999-Q1,52.92431
ESP,1999-Q2,53.5539
ESP,1999-Q3,54.1268
ESP,1999-Q4,54.76043
ESP,2000-Q1,55.4664
ESP,2000-Q2,56.01584
ESP,2000-Q3,56.50467
ESP,2000-Q4,57.0307
ESP,2001-Q1,57.41948
ESP,2001-Q2,57.58123
ESP,2001-Q3,58.00433
ESP,2001-Q4,58.25555
ESP,2002-Q1,58.55236
ESP,2002-Q2,58.88678
ESP,2002-Q3,59.00801
ESP,2002-Q4,59.28777
ESP,2003-Q1,59.5823
ESP,2003-Q2,59.98309
ESP,2003-Q3,60.3773
ESP,2003-Q4,60.71799
ESP,2004-Q1,60.87252
ESP,2004-Q2,60.97043
ESP,2004-Q3,61.43408
ESP,2004-Q4,62.03017
ESP,2005-Q1,62.69128
ESP,2005-Q2,63.42702
ESP,2005-Q3,63.93763
ESP,2005-Q4,64.25174
ESP,2006-Q1,64.64392
ESP,2006-Q2,64.91988
ESP,2006-Q3,65.09422
ESP,2006-Q4,65.47921
ESP,2007-Q1,65.68576
ESP,2007-Q2,65.92802
ESP,2007-Q3,65.86322
ESP,2007-Q4,65.77824
ESP,2008-Q1,65.64638
ESP,2008-Q2,65.02801
ESP,2008-Q3,64.26681
ESP,2008-Q4,62.99928
ESP,2009-Q1,60.88306
ESP,2009-Q2,60.20244
ESP,2009-Q3,59.56678
ESP,2009-Q4,59.19171
ESP,2010-Q1,59.0312
ESP,2010-Q2,58.92302
ESP,2010-Q3,58.75334
ESP,2010-Q4,58.64572
ESP,2011-Q1,58.45861
ESP,2011-Q2,58.59337
ESP,2011-Q3,57.83936
ESP,2011-Q4,57.14766
ESP,2012-Q1,56.60965
ESP,2012-Q2,56.0035
ESP,2012-Q3,55.41192
ESP,2012-Q4,54.97292
ESP,2013-Q1,54.82496
ESP,2013-Q2,54.62731
ESP,2013-Q3,54.70458
ESP,2013-Q4,55.05016
ESP,2014-Q1,55.29537
ESP,2014-Q2,55.84606
ESP,2014-Q3,56.02725
ESP,2014-Q4,56.71039
ESP,2015-Q1,56.99775
ESP,2015-Q2,57.76759
ESP,2015-Q3,57.97481
ESP,2015-Q4,58.54963
ESP,2016-Q1,59.05507
ESP,2016-Q2,59.36256
ESP,2016-Q3,59.7013
ESP,2016-Q4,60.06495
ESP,2017-Q1,60.43563
ESP,2017-Q2,60.97143
ESP,2017-Q3,61.32525
ESP,2017-Q4,61.58746
ESP,2018-Q1,61.72047
ESP,2018-Q2,62.39135
ESP,2018-Q3,62.57607
ESP,2018-Q4,62.88234
ESP,2019-Q1,63.00283
ESP,2019-Q2,63.58458
ESP,2019-Q3,63.28059
ESP,2019-Q4,63.36321
ESP,2020-Q1,62.67332
ESP,2020-Q2,59.34104
ESP,2020-Q3,60.67289
ESP,2020-Q4,61.09346
ESP,2021-Q1,61.22057
ESP,2021-Q2,62.48959
ESP,2021-Q3,63.37933
ESP,2021-Q4,63.90147
ESP,2022-Q1,64.10067
ESP,2022-Q2,64.57098
ESP,2022-Q3,64.54478
ESP,2022-Q4,64.40804
ESP,2023-Q1,64.65513
ESP,2023-Q2,65.40768
ESP,2023-Q3,65.7479
SWE,2001-Q1,74.07256
SWE,2001-Q2,74.08021
SWE,2001-Q3,74.02587
SWE,2001-Q4,73.96308
SWE,2002-Q1,73.90697
SWE,2002-Q2,73.66109
SWE,2002-Q3,73.4949
SWE,2002-Q4,73.40354
SWE,2003-Q1,73.16942
SWE,2003-Q2,73.15317
SWE,2003-Q3,72.72859
SWE,2003-Q4,72.44544
SWE,2004-Q1,72.27095
SWE,2004-Q2,72.01968
SWE,2004-Q3,72.07546
SWE,2004-Q4,71.94139
SWE,2005-Q1,71.89323
SWE,2005-Q2,72.27639
SWE,2005-Q3,72.30096
SWE,2005-Q4,72.66914
SWE,2006-Q1,72.73934
SWE,2006-Q2,72.84044
SWE,2006-Q3,73.37576
SWE,2006-Q4,73.56237
SWE,2007-Q1,73.84193
SWE,2007-Q2,74.03589
SWE,2007-Q3,74.41867
SWE,2007-Q4,74.48616
SWE,2008-Q1,74.5787
SWE,2008-Q2,74.49498
SWE,2008-Q3,74.41269
SWE,2008-Q4,73.82954
SWE,2009-Q1,72.31512
SWE,2009-Q2,71.72994
SWE,2009-Q3,71.31848
SWE,2009-Q4,71.24075
SWE,2010-Q1,70.9463
SWE,2010-Q2,71.35571
SWE,2010-Q3,71.89063
SWE,2010-Q4,72.22599
SWE,2011-Q1,72.75082
SWE,2011-Q2,73.02319
SWE,2011-Q3,73.23371
SWE,2011-Q4,73.31448
SWE,2012-Q1,73.17177
SWE,2012-Q2,73.28494
SWE,2012-Q3,73.23634
SWE,2012-Q4,73.3813
SWE,2013-Q1,73.61129
SWE,2013-Q2,73.83862
SWE,2013-Q3,74.04642
SWE,2013-Q4,74.2384
SWE,2014-Q1,74.16141
SWE,2014-Q2,74.26605
SWE,2014-Q3,74.71384
SWE,2014-Q4,74.43183
SWE,2015-Q1,74.71681
SWE,2015-Q2,74.73853
SWE,2015-Q3,75.21489
SWE,2015-Q4,75.4934
SWE,2016-Q1,75.48435
SWE,2016-Q2,75.74425
SWE,2016-Q3,75.71075
SWE,2016-Q4,75.87573
SWE,2017-Q1,76.23477
SWE,2017-Q2,76.21966
SWE,2017-Q3,76.44212
SWE,2017-Q4,76.49786
SWE,2018-Q1,76.78398
SWE,2018-Q2,76.88028
SWE,2018-Q3,76.8807
SWE,2018-Q4,76.81386
SWE,2019-Q1,76.70887
SWE,2019-Q2,76.77132
SWE,2019-Q3,76.46342
SWE,2019-Q4,76.41418
SWE,2020-Q1,75.84034
SWE,2020-Q2,74.56278
SWE,2020-Q3,74.44389
SWE,2020-Q4,74.67146
SWE,2021-Q1,74.44584
SWE,2021-Q2,75.3297
SWE,2021-Q3,75.64542
SWE,2021-Q4,76.09376
SWE,2022-Q1,76.58875
SWE,2022-Q2,77.13029
SWE,2022-Q3,77.4117
SWE,2022-Q4,77.29027
SWE,2023-Q1,77.49789
SWE,2023-Q2,77.60143
SWE,2023-Q3,77.4747
CHE,1998-Q2,78.04481
CHE,1999-Q2,78.42708
CHE,2000-Q2,78.33935
CHE,2001-Q2,79.14845
CHE,2002-Q2,78.87551
CHE,2003-Q2,77.9174
CHE,2004-Q2,77.39597
CHE,2005-Q2,77.19546
CHE,2006-Q2,77.93854
CHE,2007-Q2,78.59044
CHE,2008-Q2,79.50344
CHE,2009-Q2,79.0213
CHE,2010-Q1,76.91266
CHE,2010-Q2,77.19184
CHE,2010-Q3,77.5904
CHE,2010-Q4,77.49395
CHE,2011-Q1,78.17809
CHE,2011-Q2,78.42602
CHE,2011-Q3,78.27983
CHE,2011-Q4,78.49097
CHE,2012-Q1,78.41138
CHE,2012-Q2,78.3997
CHE,2012-Q3,78.92398
CHE,2012-Q4,78.24168
CHE,2013-Q1,78.31962
CHE,2013-Q2,78.14616
CHE,2013-Q3,78.38683
CHE,2013-Q4,78.65551
CHE,2014-Q1,78.20303
CHE,2014-Q2,78.49535
CHE,2014-Q3,78.66424
CHE,2014-Q4,79.65763
CHE,2015-Q1,79.48474
CHE,2015-Q2,78.99316
CHE,2015-Q3,78.82617
CHE,2015-Q4,79.4548
CHE,2016-Q1,79.80846
CHE,2016-Q2,79.25011
CHE,2016-Q3,79.43142
CHE,2016-Q4,79.93602
CHE,2017-Q1,79.6208
CHE,2017-Q2,79.60226
CHE,2017-Q3,79.93501
CHE,2017-Q4,79.97759
CHE,2018-Q1,79.76952
CHE,2018-Q2,79.78226
CHE,2018-Q3,80.52763
CHE,2018-Q4,80.33736
CHE,2019-Q1,80.21777
CHE,2019-Q2,80.56496
CHE,2019-Q3,80.44406
CHE,2019-Q4,80.71201
CHE,2020-Q1,80.61182
CHE,2020-Q2,79.09644
CHE,2020-Q3,79.75951
CHE,2020-Q4,80.27214
CHE,2021-Q1,79.01383
CHE,2021-Q2,78.42858
CHE,2021-Q3,79.45502
CHE,2021-Q4,80.17204
CHE,2022-Q1,79.53027
CHE,2022-Q2,79.26958
CHE,2022-Q3,79.34792
CHE,2022-Q4,79.69862
CHE,2023-Q1,80.07954
CHE,2023-Q2,80.66811
CHE,2023-Q3,80.41582
TUR,2006-Q1,43.94229
TUR,2006-Q2,44.51252
TUR,2006-Q3,44.72839
TUR,2006-Q4,45.21167
TUR,2007-Q1,44.89276
TUR,2007-Q2,44.72395
TUR,2007-Q3,44.68897
TUR,2007-Q4,44.21635
TUR,2008-Q1,44.67879
TUR,2008-Q2,45.16121
TUR,2008-Q3,45.07703
TUR,2008-Q4,44.55003
TUR,2009-Q1,43.62317
TUR,2009-Q2,43.59806
TUR,2009-Q3,44.55044
TUR,2009-Q4,45.23009
TUR,2010-Q1,45.79588
TUR,2010-Q2,46.20139
TUR,2010-Q3,46.269
TUR,2010-Q4,46.88646
TUR,2011-Q1,48.03468
TUR,2011-Q2,48.1072
TUR,2011-Q3,48.8012
TUR,2011-Q4,48.72697
TUR,2012-Q1,48.09951
TUR,2012-Q2,48.74877
TUR,2012-Q3,48.94868
TUR,2012-Q4,49.78075
TUR,2013-Q1,49.59535
TUR,2013-Q2,49.66569
TUR,2013-Q3,49.43625
TUR,2013-Q4,49.40973
TUR,2014-Q1,49.62923
TUR,2014-Q2,49.69508
TUR,2014-Q3,49.38914
TUR,2014-Q4,49.47316
TUR,2015-Q1,49.87856
TUR,2015-Q2,50.07605
TUR,2015-Q3,50.35474
TUR,2015-Q4,50.36514
TUR,2016-Q1,50.85474
TUR,2016-Q2,51.02201
TUR,2016-Q3,50.3044
TUR,2016-Q4,50.41159
TUR,2017-Q1,50.83443
TUR,2017-Q2,51.39241
TUR,2017-Q3,51.76726
TUR,2017-Q4,52.17019
TUR,2018-Q1,52.37164
TUR,2018-Q2,52.187
TUR,2018-Q3,52.09875
TUR,2018-Q4,51.2483
TUR,2019-Q1,50.53974
TUR,2019-Q2,50.285
TUR,2019-Q3,50.04881
TUR,2019-Q4,50.26078
TUR,2020-Q1,48.81994
TUR,2020-Q2,45.70706
TUR,2020-Q3,47.78368
TUR,2020-Q4,47.76276
TUR,2021-Q1,49.14679
TUR,2021-Q2,49.54257
TUR,2021-Q3,50.76236
TUR,2021-Q4,51.56916
TUR,2022-Q1,51.95341
TUR,2022-Q2,52.79499
TUR,2022-Q3,52.82586
TUR,2022-Q4,53.75822
TUR,2023-Q1,53.78294
TUR,2023-Q2,53.53168
TUR,2023-Q3,53.85407
GBR,1971-Q1,72.16925
GBR,1971-Q2,71.97784
GBR,1971-Q3,71.70716
GBR,1971-Q4,71.48768
GBR,1972-Q1,71.76229
GBR,1972-Q2,71.86849
GBR,1972-Q3,71.95717
GBR,1972-Q4,72.21693
GBR,1973-Q1,72.78564
GBR,1973-Q2,72.98767
GBR,1973-Q3,72.93412
GBR,1973-Q4,72.99617
GBR,1974-Q1,72.93269
GBR,1974-Q2,72.95316
GBR,1974-Q3,73.11333
GBR,1974-Q4,73.0719
GBR,1975-Q1,72.86311
GBR,1975-Q2,72.70626
GBR,1975-Q3,72.55064
GBR,1975-Q4,72.33105
GBR,1976-Q1,72.11481
GBR,1976-Q2,71.95724
GBR,1976-Q3,71.8585
GBR,1976-Q4,71.80197
GBR,1977-Q1,71.75065
GBR,1977-Q2,71.64819
GBR,1977-Q3,71.58671
GBR,1977-Q4,71.50943
GBR,1978-Q1,71.52104
GBR,1978-Q2,71.50504
GBR,1978-Q3,71.53959
GBR,1978-Q4,71.71484
GBR,1979-Q1,71.74976
GBR,1979-Q2,71.74886
GBR,1979-Q3,71.759
GBR,1979-Q4,71.72861
GBR,1980-Q1,71.5174
GBR,1980-Q2,71.18732
GBR,1980-Q3,70.65096
GBR,1980-Q4,69.93989
GBR,1981-Q1,69.29371
GBR,1981-Q2,68.69752
GBR,1981-Q3,68.20965
GBR,1981-Q4,67.74562
GBR,1982-Q1,67.39509
GBR,1982-Q2,67.07973
GBR,1982-Q3,66.63444
GBR,1982-Q4,66.10102
GBR,1983-Q1,65.70304
GBR,1983-Q2,65.57618
GBR,1983-Q3,65.89615
GBR,1983-Q4,66.2635
GBR,1984-Q1,66.49734
GBR,1984-Q2,66.6956
GBR,1984-Q3,66.84191
GBR,1984-Q4,67.08677
GBR,1985-Q1,67.25211
GBR,1985-Q2,67.37632
GBR,1985-Q3,67.47519
GBR,1985-Q4,67.54151
GBR,1986-Q1,67.55395
GBR,1986-Q2,67.58952
GBR,1986-Q3,67.75566
GBR,1986-Q4,67.91588
GBR,1987-Q1,68.05085
GBR,1987-Q2,68.49068
GBR,1987-Q3,69.10351
GBR,1987-Q4,69.6754
GBR,1988-Q1,70.21507
GBR,1988-Q2,70.65283
GBR,1988-Q3,71.10632
GBR,1988-Q4,71.54974
GBR,1989-Q1,72.11376
GBR,1989-Q2,72.43425
GBR,1989-Q3,72.56054
GBR,1989-Q4,72.74982
GBR,1990-Q1,72.77361
GBR,1990-Q2,72.8427
GBR,1990-Q3,72.69699
GBR,1990-Q4,72.28415
GBR,1991-Q1,71.68877
GBR,1991-Q2,70.97315
GBR,1991-Q3,70.33197
GBR,1991-Q4,69.77256
GBR,1992-Q1,69.4203
GBR,1992-Q2,69.09536
GBR,1992-Q3,68.90282
GBR,1992-Q4,68.50792
GBR,1993-Q1,68.35488
GBR,1993-Q2,68.42742
GBR,1993-Q3,68.47578
GBR,1993-Q4,68.48012
GBR,1994-Q1,68.73351
GBR,1994-Q2,68.8055
GBR,1994-Q3,69.04624
GBR,1994-Q4,69.0603
GBR,1995-Q1,69.2086
GBR,1995-Q2,69.42632
GBR,1995-Q3,69.63885
GBR,1995-Q4,69.94743
GBR,1996-Q1,69.90453
GBR,1996-Q2,69.93823
GBR,1996-Q3,70.01639
GBR,1996-Q4,70.33995
GBR,1997-Q1,70.76462
GBR,1997-Q2,71.02432
GBR,1997-Q3,71.07834
GBR,1997-Q4,71.19907
GBR,1998-Q1,71.27648
GBR,1998-Q2,71.2774
GBR,1998-Q3,71.56174
GBR,1998-Q4,71.78155
GBR,1999-Q1,71.85828
GBR,1999-Q2,71.88622
GBR,1999-Q3,72.11771
GBR,1999-Q4,72.2747
GBR,2000-Q1,72.26537
GBR,2000-Q2,72.47532
GBR,2000-Q3,72.62865
GBR,2000-Q4,72.49927
GBR,2001-Q1,72.64088
GBR,2001-Q2,72.67834
GBR,2001-Q3,72.5294
GBR,2001-Q4,72.58215
GBR,2002-Q1,72.45824
GBR,2002-Q2,72.68372
GBR,2002-Q3,72.57182
GBR,2002-Q4,72.87263
GBR,2003-Q1,72.68249
GBR,2003-Q2,72.88149
GBR,2003-Q3,72.78049
GBR,2003-Q4,72.76896
GBR,2004-Q1,73.03226
GBR,2004-Q2,72.87817
GBR,2004-Q3,72.86763
GBR,2004-Q4,73.04147
GBR,2005-Q1,73.07851
GBR,2005-Q2,72.89326
GBR,2005-Q3,73.04482
GBR,2005-Q4,72.67564
GBR,2006-Q1,72.90321
GBR,2006-Q2,72.84257
GBR,2006-Q3,72.81538
GBR,2006-Q4,72.70507
GBR,2007-Q1,72.50254
GBR,2007-Q2,72.64994
GBR,2007-Q3,72.68157
GBR,2007-Q4,72.90926
GBR,2008-Q1,72.97685
GBR,2008-Q2,72.90055
GBR,2008-Q3,72.43549
GBR,2008-Q4,72.17339
GBR,2009-Q1,71.67367
GBR,2009-Q2,70.83978
GBR,2009-Q3,70.61582
GBR,2009-Q4,70.55235
GBR,2010-Q1,70.19494
GBR,2010-Q2,70.42103
GBR,2010-Q3,70.70692
GBR,2010-Q4,70.39026
GBR,2011-Q1,70.54754
GBR,2011-Q2,70.45168
GBR,2011-Q3,70.10457
GBR,2011-Q4,70.21859
GBR,2012-Q1,70.46846
GBR,2012-Q2,70.90865
GBR,2012-Q3,71.1291
GBR,2012-Q4,71.40636
GBR,2013-Q1,71.17896
GBR,2013-Q2,71.3327
GBR,2013-Q3,71.65405
GBR,2013-Q4,71.99537
GBR,2014-Q1,72.46066
GBR,2014-Q2,72.8286
GBR,2014-Q3,73.04346
GBR,2014-Q4,73.20126
GBR,2015-Q1,73.43697
GBR,2015-Q2,73.38264
GBR,2015-Q3,73.77586
GBR,2015-Q4,74.11207
GBR,2016-Q1,74.1339
GBR,2016-Q2,74.4164
GBR,2016-Q3,74.44731
GBR,2016-Q4,74.56567
GBR,2017-Q1,74.7702
GBR,2017-Q2,75.1051
GBR,2017-Q3,75.0079
GBR,2017-Q4,75.17477
GBR,2018-Q1,75.56041
GBR,2018-Q2,75.54796
GBR,2018-Q3,75.55437
GBR,2018-Q4,75.83325
GBR,2019-Q1,76.05743
GBR,2019-Q2,76.1029
GBR,2019-Q3,76.04663
GBR,2019-Q4,76.47201
GBR,2020-Q1,76.32597
GBR,2020-Q2,75.71138
GBR,2020-Q3,74.92329
GBR,2020-Q4,74.57873
GBR,2021-Q1,74.67038
GBR,2021-Q2,75.01875
GBR,2021-Q3,75.33553
GBR,2021-Q4,75.4696
GBR,2022-Q1,75.62624
GBR,2022-Q2,75.51773
GBR,2022-Q3,75.47619
GBR,2022-Q4,75.62912
GBR,2023-Q1,75.87716
GBR,2023-Q2,75.7
GBR,2023-Q3,75.7
USA,1977-Q1,64.73328
USA,1977-Q2,65.29388
USA,1977-Q3,65.55287
USA,1977-Q4,66.08773
USA,1978-Q1,66.48787
USA,1978-Q2,67.0625
USA,1978-Q3,67.25947
USA,1978-Q4,67.6714
USA,1979-Q1,67.86643
USA,1979-Q2,67.76363
USA,1979-Q3,67.97566
USA,1979-Q4,68.07979
USA,1980-Q1,67.86449
USA,1980-Q2,67.08755
USA,1980-Q3,66.80317
USA,1980-Q4,67.00845
USA,1981-Q1,67.2924
USA,1981-Q2,67.3586
USA,1981-Q3,67.01641
USA,1981-Q4,66.58009
USA,1982-Q1,66.26194
USA,1982-Q2,65.89381
USA,1982-Q3,65.65376
USA,1982-Q4,65.17588
USA,1983-Q1,65.29916
USA,1983-Q2,65.48594
USA,1983-Q3,66.42292
USA,1983-Q4,66.88857
USA,1984-Q1,67.49321
USA,1984-Q2,68.23924
USA,1984-Q3,68.32079
USA,1984-Q4,68.49641
USA,1985-Q1,68.85631
USA,1985-Q2,68.85451
USA,1985-Q3,69.01067
USA,1985-Q4,69.29602
USA,1986-Q1,69.37447
USA,1986-Q2,69.49977
USA,1986-Q3,69.84251
USA,1986-Q4,70.0122
USA,1987-Q1,70.25002
USA,1987-Q2,70.63955
USA,1987-Q3,70.90392
USA,1987-Q4,71.18745
USA,1988-Q1,71.32487
USA,1988-Q2,71.4804
USA,1988-Q3,71.76237
USA,1988-Q4,72.03646
USA,1989-Q1,72.32994
USA,1989-Q2,72.43522
USA,1989-Q3,72.59808
USA,1989-Q4,72.63942
USA,1990-Q1,72.47086
USA,1990-Q2,72.41302
USA,1990-Q3,72.11735
USA,1990-Q4,71.69675
USA,1991-Q1,71.21091
USA,1991-Q2,71.04332
USA,1991-Q3,70.90152
USA,1991-Q4,70.69736
USA,1992-Q1,70.73445
USA,1992-Q2,70.87807
USA,1992-Q3,70.93
USA,1992-Q4,70.69331
USA,1993-Q1,70.93882
USA,1993-Q2,71.15804
USA,1993-Q3,71.30737
USA,1993-Q4,71.4223
USA,1994-Q1,71.59991
USA,1994-Q2,71.81441
USA,1994-Q3,72.06712
USA,1994-Q4,72.56
USA,1995-Q1,72.65334
USA,1995-Q2,72.48775
USA,1995-Q3,72.50717
USA,1995-Q4,72.48061
USA,1996-Q1,72.48689
USA,1996-Q2,72.69515
USA,1996-Q3,73.0634
USA,1996-Q4,73.19653
USA,1997-Q1,73.1647
USA,1997-Q2,73.42507
USA,1997-Q3,73.69189
USA,1997-Q4,73.74453
USA,1998-Q1,73.75885
USA,1998-Q2,73.84906
USA,1998-Q3,73.82848
USA,1998-Q4,73.94226
USA,1999-Q1,73.98436
USA,1999-Q2,73.90034
USA,1999-Q3,73.87936
USA,1999-Q4,74.02797
USA,2000-Q1,74.25294
USA,2000-Q2,74.27099
USA,2000-Q3,73.86167
USA,2000-Q4,73.97543
USA,2001-Q1,73.91589
USA,2001-Q2,73.36482
USA,2001-Q3,72.82896
USA,2001-Q4,72.34004
USA,2002-Q1,72.17554
USA,2002-Q2,71.92166
USA,2002-Q3,71.89262
USA,2002-Q4,71.66727
USA,2003-Q1,71.50172
USA,2003-Q2,71.28
USA,2003-Q3,70.98017
USA,2003-Q4,71.09478
USA,2004-Q1,71.17088
USA,2004-Q2,71.1481
USA,2004-Q3,71.2384
USA,2004-Q4,71.29902
USA,2005-Q1,71.27804
USA,2005-Q2,71.47642
USA,2005-Q3,71.70853
USA,2005-Q4,71.63393
USA,2006-Q1,71.75921
USA,2006-Q2,71.89397
USA,2006-Q3,72.06103
USA,2006-Q4,72.24516
USA,2007-Q1,72.02778
USA,2007-Q2,71.74779
USA,2007-Q3,71.67939
USA,2007-Q4,71.63455
USA,2008-Q1,71.51144
USA,2008-Q2,71.2439
USA,2008-Q3,70.7145
USA,2008-Q4,69.94973
USA,2009-Q1,68.67546
USA,2009-Q2,67.90959
USA,2009-Q3,67.29774
USA,2009-Q4,66.58109
USA,2010-Q1,66.74717
USA,2010-Q2,66.77158
USA,2010-Q3,66.70904
USA,2010-Q4,66.45042
USA,2011-Q1,66.65712
USA,2011-Q2,66.50212
USA,2011-Q3,66.58959
USA,2011-Q4,66.77162
USA,2012-Q1,66.95708
USA,2012-Q2,67.04307
USA,2012-Q3,67.12682
USA,2012-Q4,67.35339
USA,2013-Q1,67.23036
USA,2013-Q2,67.31705
USA,2013-Q3,67.45958
USA,2013-Q4,67.38164
USA,2014-Q1,67.77864
USA,2014-Q2,68.04194
USA,2014-Q3,68.21681
USA,2014-Q4,68.52848
USA,2015-Q1,68.50195
USA,2015-Q2,68.72018
USA,2015-Q3,68.68494
USA,2015-Q4,68.91057
USA,2016-Q1,69.24376
USA,2016-Q2,69.20928
USA,2016-Q3,69.35987
USA,2016-Q4,69.5202
USA,2017-Q1,69.79649
USA,2017-Q2,70.06271
USA,2017-Q3,70.26712
USA,2017-Q4,70.2944
USA,2018-Q1,70.49319
USA,2018-Q2,70.6484
USA,2018-Q3,70.73398
USA,2018-Q4,70.97787
USA,2019-Q1,71.05521
USA,2019-Q2,71.17648
USA,2019-Q3,71.46177
USA,2019-Q4,71.70152
USA,2020-Q1,71.36304
USA,2020-Q2,62.39649
USA,2020-Q3,66.37762
USA,2020-Q4,67.89215
USA,2021-Q1,68.41918
USA,2021-Q2,68.90865
USA,2021-Q3,69.75601
USA,2021-Q4,70.56065
USA,2022-Q1,70.95272
USA,2022-Q2,71.26403
USA,2022-Q3,71.40534
USA,2022-Q4,71.4153
USA,2023-Q1,71.77566
USA,2023-Q2,71.96054
USA,2023-Q3,72.01888
USA,2023-Q4,71.9778
CHL,2005-Q1,54.40066
CHL,2005-Q2,54.44136
CHL,2005-Q3,54.34138
CHL,2005-Q4,54.59095
CHL,2006-Q1,55.17082
CHL,2006-Q2,55.37599
CHL,2006-Q3,55.43133
CHL,2006-Q4,56.00383
CHL,2007-Q1,56.34555
CHL,2007-Q2,56.37976
CHL,2007-Q3,56.00539
CHL,2007-Q4,56.58241
CHL,2008-Q1,57.25577
CHL,2008-Q2,57.20519
CHL,2008-Q3,57.28713
CHL,2008-Q4,57.29142
CHL,2009-Q1,56.27818
CHL,2009-Q2,55.73332
CHL,2009-Q3,55.87755
CHL,2009-Q4,56.35186
CHL,2010-Q1,58.95787
CHL,2010-Q2,59.6163
CHL,2010-Q3,60.70399
CHL,2010-Q4,61.10744
CHL,2011-Q1,61.55797
CHL,2011-Q2,62.40314
CHL,2011-Q3,62.13583
CHL,2011-Q4,62.06034
CHL,2012-Q1,62.5815
CHL,2012-Q2,62.59501
CHL,2012-Q3,62.93595
CHL,2012-Q4,62.48433
CHL,2013-Q1,62.96902
CHL,2013-Q2,63.26729
CHL,2013-Q3,63.13888
CHL,2013-Q4,63.21434
CHL,2014-Q1,63.27157
CHL,2014-Q2,63.46609
CHL,2014-Q3,63.10339
CHL,2014-Q4,63.09388
CHL,2015-Q1,63.21428
CHL,2015-Q2,63.39048
CHL,2015-Q3,63.78196
CHL,2015-Q4,63.5978
CHL,2016-Q1,63.143
CHL,2016-Q2,63.32213
CHL,2016-Q3,63.57557
CHL,2016-Q4,63.32975
CHL,2017-Q1,63.29017
CHL,2017-Q2,63.85352
CHL,2017-Q3,64.27701
CHL,2017-Q4,64.18296
CHL,2018-Q1,64.16177
CHL,2018-Q2,64.40103
CHL,2018-Q3,63.75857
CHL,2018-Q4,64.05551
CHL,2019-Q1,63.70284
CHL,2019-Q2,64.26144
CHL,2019-Q3,64.51741
CHL,2019-Q4,63.88617
CHL,2020-Q1,63.17179
CHL,2020-Q2,51.23848
CHL,2020-Q3,52.60914
CHL,2020-Q4,56.38692
CHL,2021-Q1,57.3783
CHL,2021-Q2,57.07251
CHL,2021-Q3,59.08845
CHL,2021-Q4,60.33676
CHL,2022-Q1,61.52827
CHL,2022-Q2,62.10258
CHL,2022-Q3,62.11579
CHL,2022-Q4,61.96818
CHL,2023-Q1,62.34684
CHL,2023-Q2,63.12025
CHL,2023-Q3,62.8438
EST,2000-Q1,59.58578
EST,2000-Q2,60.94443
EST,2000-Q3,60.55774
EST,2000-Q4,59.99264
EST,2001-Q1,60.12241
EST,2001-Q2,60.77932
EST,2001-Q3,61.96704
EST,2001-Q4,61.4602
EST,2002-Q1,61.09154
EST,2002-Q2,61.57651
EST,2002-Q3,61.53005
EST,2002-Q4,61.10823
EST,2003-Q1,61.83889
EST,2003-Q2,62.53241
EST,2003-Q3,63.6369
EST,2003-Q4,63.84103
EST,2004-Q1,63.48733
EST,2004-Q2,63.33897
EST,2004-Q3,62.76983
EST,2004-Q4,62.8777
EST,2005-Q1,63.98173
EST,2005-Q2,65.14344
EST,2005-Q3,64.53651
EST,2005-Q4,65.69772
EST,2006-Q1,67.6328
EST,2006-Q2,69.08283
EST,2006-Q3,68.19662
EST,2006-Q4,68.74133
EST,2007-Q1,69.07504
EST,2007-Q2,70.13586
EST,2007-Q3,70.42564
EST,2007-Q4,69.37706
EST,2008-Q1,70.24913
EST,2008-Q2,70.15253
EST,2008-Q3,70.14323
EST,2008-Q4,69.74608
EST,2009-Q1,65.95047
EST,2009-Q2,64.90105
EST,2009-Q3,63.66759
EST,2009-Q4,62.30226
EST,2010-Q1,60.08769
EST,2010-Q2,60.68
EST,2010-Q3,62.66922
EST,2010-Q4,64.08408
EST,2011-Q1,63.92826
EST,2011-Q2,65.2552
EST,2011-Q3,67.19246
EST,2011-Q4,66.56718
EST,2012-Q1,67.0284
EST,2012-Q2,68.05673
EST,2012-Q3,68.70011
EST,2012-Q4,68.19559
EST,2013-Q1,68.63999
EST,2013-Q2,70.11147
EST,2013-Q3,69.05478
EST,2013-Q4,68.88757
EST,2014-Q1,68.95774
EST,2014-Q2,70.47364
EST,2014-Q3,70.5761
EST,2014-Q4,71.06127
EST,2015-Q1,70.26076
EST,2015-Q2,71.56246
EST,2015-Q3,73.18994
EST,2015-Q4,71.79509
EST,2016-Q1,70.29249
EST,2016-Q2,73.37823
EST,2016-Q3,72.86808
EST,2016-Q4,71.57298
EST,2017-Q1,73.60969
EST,2017-Q2,73.18995
EST,2017-Q3,74.12871
EST,2017-Q4,75.08234
EST,2018-Q1,73.86436
EST,2018-Q2,74.49116
EST,2018-Q3,74.20245
EST,2018-Q4,75.12684
EST,2019-Q1,74.24515
EST,2019-Q2,74.37679
EST,2019-Q3,75.71098
EST,2019-Q4,76.10151
EST,2020-Q1,74.79109
EST,2020-Q2,72.18946
EST,2020-Q3,73.28611
EST,2020-Q4,73.71099
EST,2021-Q1,73.53384
EST,2021-Q2,72.88033
EST,2021-Q3,74.46467
EST,2021-Q4,75.11175
EST,2022-Q1,76.29717
EST,2022-Q2,76.16175
EST,2022-Q3,76.35577
EST,2022-Q4,76.84144
EST,2023-Q1,76.48639
EST,2023-Q2,76.53849
EST,2023-Q3,76.07489
ISR,1995-Q1,56.25586
ISR,1995-Q2,56.51836
ISR,1995-Q3,56.74692
ISR,1995-Q4,56.53396
ISR,1996-Q1,56.36441
ISR,1996-Q2,56.74913
ISR,1996-Q3,56.39846
ISR,1996-Q4,55.94384
ISR,1997-Q1,55.88108
ISR,1997-Q2,55.97228
ISR,1997-Q3,55.58205
ISR,1997-Q4,55.37268
ISR,1998-Q1,55.55899
ISR,1998-Q2,54.75854
ISR,1998-Q3,55.35046
ISR,1998-Q4,55.26494
ISR,1999-Q1,55.31675
ISR,1999-Q2,55.13504
ISR,1999-Q3,55.3611
ISR,1999-Q4,56.0605
ISR,2000-Q1,55.69119
ISR,2000-Q2,56.2749
ISR,2000-Q3,56.33674
ISR,2000-Q4,56.00438
ISR,2001-Q1,55.85937
ISR,2001-Q2,55.81721
ISR,2001-Q3,55.76379
ISR,2001-Q4,54.819
ISR,2002-Q1,54.89688
ISR,2002-Q2,54.62809
ISR,2002-Q3,54.6306
ISR,2002-Q4,55.07424
ISR,2003-Q1,54.8335
ISR,2003-Q2,54.65598
ISR,2003-Q3,54.94355
ISR,2003-Q4,55.48483
ISR,2004-Q1,55.54826
ISR,2004-Q2,55.55364
ISR,2004-Q3,55.75999
ISR,2004-Q4,55.8115
ISR,2005-Q1,56.30405
ISR,2005-Q2,56.58496
ISR,2005-Q3,56.64585
ISR,2005-Q4,57.29629
ISR,2006-Q1,57.06282
ISR,2006-Q2,57.65908
ISR,2006-Q3,57.62113
ISR,2006-Q4,57.88453
ISR,2007-Q1,58.51684
ISR,2007-Q2,58.98199
ISR,2007-Q3,59.25274
ISR,2007-Q4,59.02209
ISR,2008-Q1,60.00135
ISR,2008-Q2,60.06408
ISR,2008-Q3,59.52131
ISR,2008-Q4,59.72697
ISR,2009-Q1,59.47644
ISR,2009-Q2,59.09364
ISR,2009-Q3,59.0868
ISR,2009-Q4,59.19567
ISR,2010-Q1,59.26575
ISR,2010-Q2,60.22796
ISR,2010-Q3,60.3257
ISR,2010-Q4,60.83028
ISR,2011-Q1,60.76044
ISR,2011-Q2,61.13394
ISR,2011-Q3,61.22466
ISR,2011-Q4,61.49828
ISR,2012-Q1,65.95889
ISR,2012-Q2,66.3949
ISR,2012-Q3,66.98909
ISR,2012-Q4,66.65148
ISR,2013-Q1,66.89517
ISR,2013-Q2,66.87395
ISR,2013-Q3,67.23578
ISR,2013-Q4,67.2664
ISR,2014-Q1,67.94769
ISR,2014-Q2,67.78921
ISR,2014-Q3,67.66048
ISR,2014-Q4,68.0563
ISR,2015-Q1,67.89792
ISR,2015-Q2,68.3241
ISR,2015-Q3,68.54462
ISR,2015-Q4,68.50928
ISR,2016-Q1,68.12575
ISR,2016-Q2,68.72932
ISR,2016-Q3,68.72681
ISR,2016-Q4,68.78796
ISR,2017-Q1,68.88778
ISR,2017-Q2,69.00317
ISR,2017-Q3,69.13168
ISR,2017-Q4,69.13132
ISR,2018-Q1,69.12273
ISR,2018-Q2,68.989
ISR,2018-Q3,69.05426
ISR,2018-Q4,68.93625
ISR,2019-Q1,69.25401
ISR,2019-Q2,69.01047
ISR,2019-Q3,68.80279
ISR,2019-Q4,68.62926
ISR,2020-Q1,68.53218
ISR,2020-Q2,66.64864
ISR,2020-Q3,66.12542
ISR,2020-Q4,65.83088
ISR,2021-Q1,65.28133
ISR,2021-Q2,65.714
ISR,2021-Q3,67.12276
ISR,2021-Q4,68.26851
ISR,2022-Q1,69.0685
ISR,2022-Q2,69.07442
ISR,2022-Q3,69.54559
ISR,2022-Q4,69.03702
ISR,2023-Q1,70.17688
ISR,2023-Q2,70.17545
ISR,2023-Q3,69.99854
SVN,1999-Q1,62.27492
SVN,1999-Q2,62.38001
SVN,1999-Q3,61.95286
SVN,1999-Q4,62.12201
SVN,2000-Q1,62.11891
SVN,2000-Q2,62.48549
SVN,2000-Q3,63.40491
SVN,2000-Q4,63.30103
SVN,2001-Q1,63.73252
SVN,2001-Q2,63.3608
SVN,2001-Q3,64.42924
SVN,2001-Q4,63.69827
SVN,2002-Q1,64.51485
SVN,2002-Q2,64.08062
SVN,2002-Q3,62.67928
SVN,2002-Q4,62.47449
SVN,2003-Q1,62.6809
SVN,2003-Q2,62.28661
SVN,2003-Q3,61.73469
SVN,2003-Q4,63.53072
SVN,2004-Q1,64.46694
SVN,2004-Q2,65.42506
SVN,2004-Q3,66.06341
SVN,2004-Q4,65.18873
SVN,2005-Q1,65.94121
SVN,2005-Q2,65.73303
SVN,2005-Q3,65.80481
SVN,2005-Q4,66.33722
SVN,2006-Q1,66.73712
SVN,2006-Q2,66.89896
SVN,2006-Q3,66.38535
SVN,2006-Q4,66.27369
SVN,2007-Q1,66.80905
SVN,2007-Q2,68.16347
SVN,2007-Q3,68.23823
SVN,2007-Q4,67.8708
SVN,2008-Q1,67.90482
SVN,2008-Q2,68.19833
SVN,2008-Q3,69.27701
SVN,2008-Q4,68.92123
SVN,2009-Q1,66.72086
SVN,2009-Q2,67.25639
SVN,2009-Q3,67.42405
SVN,2009-Q4,66.87114
SVN,2010-Q1,66.2132
SVN,2010-Q2,65.89132
SVN,2010-Q3,65.04192
SVN,2010-Q4,65.11674
SVN,2011-Q1,63.84282
SVN,2011-Q2,63.81837
SVN,2011-Q3,63.80547
SVN,2011-Q4,63.87528
SVN,2012-Q1,64.11032
SVN,2012-Q2,63.26157
SVN,2012-Q3,63.35506
SVN,2012-Q4,63.59293
SVN,2013-Q1,62.80301
SVN,2013-Q2,62.51128
SVN,2013-Q3,63.18119
SVN,2013-Q4,62.57996
SVN,2014-Q1,62.85523
SVN,2014-Q2,63.76233
SVN,2014-Q3,63.38433
SVN,2014-Q4,63.50824
SVN,2015-Q1,63.83104
SVN,2015-Q2,64.77798
SVN,2015-Q3,65.36771
SVN,2015-Q4,64.71307
SVN,2016-Q1,64.40287
SVN,2016-Q2,65.50631
SVN,2016-Q3,65.27042
SVN,2016-Q4,66.24519
SVN,2017-Q1,67.4722
SVN,2017-Q2,68.33135
SVN,2017-Q3,69.26428
SVN,2017-Q4,69.73014
SVN,2018-Q1,69.75047
SVN,2018-Q2,70.41411
SVN,2018-Q3,70.96828
SVN,2018-Q4,71.20018
SVN,2019-Q1,71.36901
SVN,2019-Q2,71.84366
SVN,2019-Q3,71.05055
SVN,2019-Q4,70.91736
SVN,2020-Q1,71.33114
SVN,2020-Q2,69.36434
SVN,2020-Q3,69.49731
SVN,2020-Q4,70.08356
SVN,2021-Q1,69.0099
SVN,2021-Q2,71.66135
SVN,2021-Q3,72.76968
SVN,2021-Q4,72.32975
SVN,2022-Q1,73.16373
SVN,2022-Q2,72.98179
SVN,2022-Q3,73.42899
SVN,2022-Q4,72.94357
SVN,2023-Q1,72.00397
SVN,2023-Q2,72.8764
SVN,2023-Q3,72.27263
ZAF,2000-Q3,45.67535
ZAF,2001-Q1,45.82233
ZAF,2001-Q3,42.35324
ZAF,2002-Q1,43.14854
ZAF,2002-Q3,42.52173
ZAF,2003-Q1,41.18478
ZAF,2003-Q3,41.83663
ZAF,2004-Q1,41.00368
ZAF,2004-Q3,42.1753
ZAF,2005-Q1,42.64325
ZAF,2005-Q3,44.10123
ZAF,2006-Q1,44.45079
ZAF,2006-Q3,45.33969
ZAF,2007-Q1,44.11083
ZAF,2007-Q3,44.74255
ZAF,2008-Q1,45.91755
ZAF,2008-Q2,46.05061
ZAF,2008-Q3,45.66397
ZAF,2008-Q4,46.02818
ZAF,2009-Q1,45.57705
ZAF,2009-Q2,44.49748
ZAF,2009-Q3,42.64938
ZAF,2009-Q4,42.75733
ZAF,2010-Q1,42.23478
ZAF,2010-Q2,42.0394
ZAF,2010-Q3,41.32923
ZAF,2010-Q4,41.74334
ZAF,2011-Q1,41.76675
ZAF,2011-Q2,41.62872
ZAF,2011-Q3,41.99132
ZAF,2011-Q4,42.2905
ZAF,2012-Q1,42.13198
ZAF,2012-Q2,42.04904
ZAF,2012-Q3,42.55063
ZAF,2012-Q4,42.10262
ZAF,2013-Q1,42.18976
ZAF,2013-Q2,42.35365
ZAF,2013-Q3,43.15208
ZAF,2013-Q4,43.21231
ZAF,2014-Q1,42.87752
ZAF,2014-Q2,42.74401
ZAF,2014-Q3,42.61924
ZAF,2014-Q4,42.8552
ZAF,2015-Q1,43.28701
ZAF,2015-Q2,43.5448
ZAF,2015-Q3,43.84983
ZAF,2015-Q4,44.03922
ZAF,2016-Q1,43.11767
ZAF,2016-Q2,42.46008
ZAF,2016-Q3,43.11987
ZAF,2016-Q4,43.43789
ZAF,2017-Q1,43.83759
ZAF,2017-Q2,43.20917
ZAF,2017-Q3,43.37724
ZAF,2017-Q4,43.00036
ZAF,2018-Q1,43.53093
ZAF,2018-Q2,42.97449
ZAF,2018-Q3,43.2003
ZAF,2018-Q4,43.28225
ZAF,2019-Q1,42.59069
ZAF,2019-Q2,42.2587
ZAF,2019-Q3,42.49326
ZAF,2019-Q4,42.49898
ZAF,2020-Q1,42.28193
ZAF,2020-Q2,36.02454
ZAF,2020-Q3,37.50836
ZAF,2020-Q4,38.33858
ZAF,2021-Q1,38.13126
ZAF,2021-Q2,37.57269
ZAF,2021-Q3,35.96875
ZAF,2021-Q4,36.46206
ZAF,2022-Q1,37.35059
ZAF,2022-Q2,38.60741
ZAF,2022-Q3,39.12471
ZAF,2022-Q4,39.383
ZAF,2023-Q1,39.99789
ZAF,2023-Q2,40.04111
ZAF,2023-Q3,40.97974
COL,2007-Q1,59.18805
COL,2007-Q2,60.01251
COL,2007-Q3,60.26922
COL,2007-Q4,60.52096
COL,2008-Q1,61.04154
COL,2008-Q2,60.5672
COL,2008-Q3,60.40239
COL,2008-Q4,58.85277
COL,2009-Q1,61.00982
COL,2009-Q2,62.56213
COL,2009-Q3,61.88174
COL,2009-Q4,62.65082
COL,2010-Q1,63.05062
COL,2010-Q2,63.0816
COL,2010-Q3,63.90167
COL,2010-Q4,63.38546
COL,2011-Q1,64.14517
COL,2011-Q2,64.17349
COL,2011-Q3,64.89488
COL,2011-Q4,66.09601
COL,2012-Q1,66.24914
COL,2012-Q2,66.32066
COL,2012-Q3,65.82497
COL,2012-Q4,65.67642
COL,2013-Q1,65.5572
COL,2013-Q2,66.26281
COL,2013-Q3,66.66487
COL,2013-Q4,66.3858
COL,2014-Q1,66.29897
COL,2014-Q2,66.82534
COL,2014-Q3,66.9081
COL,2014-Q4,66.81502
COL,2015-Q1,66.99564
COL,2015-Q2,67.55326
COL,2015-Q3,67.35557
COL,2015-Q4,67.65091
COL,2016-Q1,66.79213
COL,2016-Q2,67.53156
COL,2016-Q3,66.81504
COL,2016-Q4,67.00813
COL,2017-Q1,66.78016
COL,2017-Q2,67.81226
COL,2017-Q3,66.83025
COL,2017-Q4,66.32691
COL,2018-Q1,66.05885
COL,2018-Q2,67.42865
COL,2018-Q3,66.80045
COL,2018-Q4,65.53336
COL,2019-Q1,65.57693
COL,2019-Q2,66.24593
COL,2019-Q3,64.93301
COL,2019-Q4,64.7338
COL,2020-Q1,63.12603
COL,2020-Q2,52.16652
COL,2020-Q3,56.34599
COL,2020-Q4,59.71349
COL,2021-Q1,57.2136
COL,2021-Q2,57.62508
COL,2021-Q3,58.21463
COL,2021-Q4,58.35036
COL,2022-Q1,60.76748
COL,2022-Q2,62.35027
COL,2022-Q3,61.9943
COL,2022-Q4,61.25765
COL,2023-Q1,62.33125
COL,2023-Q2,63.83022
COL,2023-Q3,63.72281
COL,2023-Q4,62.0046
LVA,2002-Q1,58.35804
LVA,2002-Q2,59.91259
LVA,2002-Q3,60.4763
LVA,2002-Q4,60.99664
LVA,2003-Q1,60.59153
LVA,2003-Q2,60.63219
LVA,2003-Q3,61.38045
LVA,2003-Q4,60.45506
LVA,2004-Q1,60.81841
LVA,2004-Q2,60.74508
LVA,2004-Q3,61.28568
LVA,2004-Q4,61.249
LVA,2005-Q1,60.97728
LVA,2005-Q2,62.20335
LVA,2005-Q3,62.04746
LVA,2005-Q4,63.27558
LVA,2006-Q1,64.01485
LVA,2006-Q2,65.83732
LVA,2006-Q3,67.02328
LVA,2006-Q4,66.74684
LVA,2007-Q1,66.47098
LVA,2007-Q2,67.67873
LVA,2007-Q3,68.64681
LVA,2007-Q4,69.73606
LVA,2008-Q1,69.30283
LVA,2008-Q2,69.21611
LVA,2008-Q3,68.08095
LVA,2008-Q4,66.18473
LVA,2009-Q1,63.61202
LVA,2009-Q2,60.46505
LVA,2009-Q3,58.56357
LVA,2009-Q4,57.5629
LVA,2010-Q1,57.01789
LVA,2010-Q2,57.57786
LVA,2010-Q3,59.16152
LVA,2010-Q4,59.03842
LVA,2011-Q1,59.16018
LVA,2011-Q2,60.38277
LVA,2011-Q3,61.23819
LVA,2011-Q4,61.6212
LVA,2012-Q1,61.17981
LVA,2012-Q2,62.30303
LVA,2012-Q3,63.94736
LVA,2012-Q4,63.82959
LVA,2013-Q1,64.22026
LVA,2013-Q2,64.63064
LVA,2013-Q3,65.51472
LVA,2013-Q4,65.00417
LVA,2014-Q1,65.79227
LVA,2014-Q2,66.34405
LVA,2014-Q3,66.12184
LVA,2014-Q4,66.31807
LVA,2015-Q1,66.89014
LVA,2015-Q2,68.16932
LVA,2015-Q3,68.47763
LVA,2015-Q4,68.73492
LVA,2016-Q1,68.27464
LVA,2016-Q2,68.61687
LVA,2016-Q3,68.61574
LVA,2016-Q4,68.72576
LVA,2017-Q1,68.74174
LVA,2017-Q2,69.70542
LVA,2017-Q3,70.69508
LVA,2017-Q4,70.8387
LVA,2018-Q1,70.96156
LVA,2018-Q2,71.67029
LVA,2018-Q3,72.55789
LVA,2018-Q4,71.64845
LVA,2019-Q1,71.49863
LVA,2019-Q2,71.95893
LVA,2019-Q3,72.86597
LVA,2019-Q4,72.63694
LVA,2020-Q1,71.59346
LVA,2020-Q2,71.4061
LVA,2020-Q3,71.45415
LVA,2020-Q4,71.37327
LVA,2021-Q1,68.8066
LVA,2021-Q2,69.58942
LVA,2021-Q3,70.88215
LVA,2021-Q4,70.22524
LVA,2022-Q1,70.55293
LVA,2022-Q2,71.49818
LVA,2022-Q3,71.86457
LVA,2022-Q4,71.31218
LVA,2023-Q1,70.87501
LVA,2023-Q2,71.77139
LVA,2023-Q3,71.90705
LTU,2005-Q1,62.34524
LTU,2005-Q2,62.76084
LTU,2005-Q3,62.95884
LTU,2005-Q4,63.38793
LTU,2006-Q1,63.5991
LTU,2006-Q2,63.76434
LTU,2006-Q3,63.62082
LTU,2006-Q4,63.44616
LTU,2007-Q1,64.31672
LTU,2007-Q2,65.43449
LTU,2007-Q3,65.89786
LTU,2007-Q4,64.39645
LTU,2008-Q1,64.19362
LTU,2008-Q2,64.73804
LTU,2008-Q3,64.91948
LTU,2008-Q4,63.75486
LTU,2009-Q1,61.05098
LTU,2009-Q2,60.34411
LTU,2009-Q3,59.88598
LTU,2009-Q4,58.1452
LTU,2010-Q1,57.05428
LTU,2010-Q2,56.87917
LTU,2010-Q3,57.78232
LTU,2010-Q4,58.51491
LTU,2011-Q1,59.30133
LTU,2011-Q2,60.21592
LTU,2011-Q3,60.41549
LTU,2011-Q4,60.84047
LTU,2012-Q1,61.13929
LTU,2012-Q2,62.02593
LTU,2012-Q3,62.58879
LTU,2012-Q4,62.34254
LTU,2013-Q1,62.97307
LTU,2013-Q2,63.75555
LTU,2013-Q3,63.87267
LTU,2013-Q4,64.3671
LTU,2014-Q1,64.92314
LTU,2014-Q2,65.27612
LTU,2014-Q3,66.43292
LTU,2014-Q4,66.09431
LTU,2015-Q1,66.3556
LTU,2015-Q2,66.99468
LTU,2015-Q3,67.51586
LTU,2015-Q4,68.04727
LTU,2016-Q1,68.62695
LTU,2016-Q2,69.49169
LTU,2016-Q3,69.67244
LTU,2016-Q4,69.74239
LTU,2017-Q1,69.54277
LTU,2017-Q2,70.50525
LTU,2017-Q3,70.54356
LTU,2017-Q4,71.04478
LTU,2018-Q1,71.16051
LTU,2018-Q2,71.99931
LTU,2018-Q3,73.63346
LTU,2018-Q4,72.87614
LTU,2019-Q1,72.91399
LTU,2019-Q2,73.06818
LTU,2019-Q3,72.9875
LTU,2019-Q4,72.98779
LTU,2020-Q1,72.71886
LTU,2020-Q2,71.43915
LTU,2020-Q3,70.78065
LTU,2020-Q4,71.51134
LTU,2021-Q1,71.15597
LTU,2021-Q2,71.82259
LTU,2021-Q3,73.16212
LTU,2021-Q4,73.62151
LTU,2022-Q1,72.93665
LTU,2022-Q2,74.07437
LTU,2022-Q3,74.83221
LTU,2022-Q4,73.1666
LTU,2023-Q1,72.42986
LTU,2023-Q2,73.50076
LTU,2023-Q3,73.80456
RUS,2009-Q4,66.97739
RUS,2010-Q1,66.86517
RUS,2010-Q2,67.25357
RUS,2010-Q3,67.48769
RUS,2010-Q4,67.61127
RUS,2011-Q1,67.86036
RUS,2011-Q2,67.86237
RUS,2011-Q3,68.16273
RUS,2011-Q4,68.28942
RUS,2012-Q1,68.58321
RUS,2012-Q2,69.14046
RUS,2012-Q3,69.09837
RUS,2012-Q4,69.08044
RUS,2013-Q1,69.16153
RUS,2013-Q2,68.68951
RUS,2013-Q3,68.63514
RUS,2013-Q4,68.82336
RUS,2014-Q1,69.22432
RUS,2014-Q2,69.2189
RUS,2014-Q3,69.27634
RUS,2014-Q4,69.58697
RUS,2015-Q1,69.29296
RUS,2015-Q2,69.1921
RUS,2015-Q3,69.41416
RUS,2015-Q4,69.30076
RUS,2016-Q1,69.53355
RUS,2016-Q2,69.83944
RUS,2016-Q3,70.06429
RUS,2016-Q4,70.29263
RUS,2017-Q1,70.28012
RUS,2017-Q2,70.15013
RUS,2017-Q3,70.24126
RUS,2017-Q4,70.53878
RUS,2018-Q1,70.98338
RUS,2018-Q2,71.03603
RUS,2018-Q3,70.89587
RUS,2018-Q4,71.041
RUS,2019-Q1,70.8099
RUS,2019-Q2,70.64869
RUS,2019-Q3,70.71784
RUS,2019-Q4,71.08635
RUS,2020-Q1,71.0795
RUS,2020-Q2,70.18101
RUS,2020-Q3,69.6964
RUS,2020-Q4,69.75356
RUS,2021-Q1,70.2616
RUS,2021-Q2,71.38441
RUS,2021-Q3,71.96723
RUS,2021-Q4,72.26421
CRI,2010-Q3,59.82221
CRI,2010-Q4,59.4301
CRI,2011-Q1,57.20576
CRI,2011-Q2,56.26653
CRI,2011-Q3,58.30302
CRI,2011-Q4,60.58237
CRI,2012-Q1,62.75637
CRI,2012-Q2,61.51035
CRI,2012-Q3,61.47501
CRI,2012-Q4,61.50837
CRI,2013-Q1,60.74109
CRI,2013-Q2,61.12076
CRI,2013-Q3,61.90006
CRI,2013-Q4,63.30004
CRI,2014-Q1,62.80204
CRI,2014-Q2,61.23232
CRI,2014-Q3,61.60734
CRI,2014-Q4,61.32146
CRI,2015-Q1,60.7186
CRI,2015-Q2,61.48014
CRI,2015-Q3,61.02555
CRI,2015-Q4,59.53615
CRI,2016-Q1,59.0303
CRI,2016-Q2,57.45566
CRI,2016-Q3,57.83308
CRI,2016-Q4,60.53406
CRI,2017-Q1,60.34304
CRI,2017-Q2,60.52156
CRI,2017-Q3,60.2851
CRI,2017-Q4,57.99788
CRI,2018-Q1,58.40683
CRI,2018-Q2,62.24781
CRI,2018-Q3,61.2893
CRI,2018-Q4,61.86226
CRI,2019-Q1,61.69806
CRI,2019-Q2,62.00516
CRI,2019-Q3,61.26518
CRI,2019-Q4,61.62133
CRI,2020-Q1,61.96293
CRI,2020-Q2,49.69787
CRI,2020-Q3,52.40552
CRI,2020-Q4,55.25658
CRI,2021-Q1,56.04257
CRI,2021-Q2,55.59557
CRI,2021-Q3,58.32516
CRI,2021-Q4,58.65159
CRI,2022-Q1,58.62284
CRI,2022-Q2,60.02401
CRI,2022-Q3,60.90527
CRI,2022-Q4,60.68662
CRI,2023-Q1,58.98521
CRI,2023-Q2,59.30724
CRI,2023-Q3,58.17517
CRI,2023-Q4,58.10932
